UNIQUE_ID,COLLISION_ID,CRASH_DATE,CRASH_TIME,VEHICLE_ID,STATE_REGISTRATION,VEHICLE_TYPE,VEHICLE_MAKE,VEHICLE_MODEL,VEHICLE_YEAR,TRAVEL_DIRECTION,VEHICLE_OCCUPANTS,DRIVER_SEX,DRIVER_LICENSE_STATUS,DRIVER_LICENSE_JURISDICTION,PRE_CRASH,POINT_OF_IMPACT,VEHICLE_DAMAGE,VEHICLE_DAMAGE_1,VEHICLE_DAMAGE_2,VEHICLE_DAMAGE_3,PUBLIC_PROPERTY_DAMAGE,PUBLIC_PROPERTY_DAMAGE_TYPE,CONTRIBUTING_FACTOR_1,CONTRIBUTING_FACTOR_2
13982442,275144,02/26/2013,17:30,1,SC,PASSENGER VEHICLE,,,,,,,,,,,,,,,,,Unspecified,
9504593,61192,07/17/2013,1:50,2,NY,PASSENGER VEHICLE,,,,,,,,,,,,,,,,,Unspecified,
17349952,3524151,09/19/2016,9:20,976749,NY,Station Wagon/Sport Utility Vehicle,FORD -CAR/SUV,,2004,South,1,M,Licensed,NY,Making Left Turn,Left Front Bumper,Center Front End,Right Front Bumper,,,N,,Unspecified,Unspecified
17261779,3508420,08/26/2016,11:20,708362,NY,Station Wagon/Sport Utility Vehicle,LEXS -CAR/SUV,,2006,Southeast,2,M,Licensed,NY,Going Straight Ahead,Center Front End,No Damage,,,,N,,Driver Inattention/Distraction,Unspecified
14897251,3312469,10/09/2015,20:50,1,NY,OTHER,,,,,,,,,Going Straight Ahead,,,,,,,,Unspecified,
19141050,4229511,10/24/2019,18:32,52862068-0cea-4a5b-8cfe-5517d54772f1,NY,Sedan,TOYT -CAR/SUV,,2020,North,1,F,Licensed,NY,Going Straight Ahead,Right Front Bumper,Right Front Quarter Panel,,,,N,,Driver Inattention/Distraction,Driver Inattention/Distraction
13408714,246242,08/13/2012,16:55,2,NY,PASSENGER VEHICLE,,,,,,,,,,,,,,,,,Unspecified,
19139059,4229028,10/24/2019,15:30,71d795f2-fd79-45d4-b739-f640b521affd,,E-Sco,n/a,,,North,1,M,,,Making Left Turn,Left Front Bumper,Left Front Bumper,,,,N,,Unspecified,Unspecified
19140449,4229131,10/24/2019,22:20,72632733-fd20-43d6-bdf8-f7d6e7f75c5d,,,,,,,,,,,,,,,,,Unspecified,UTILITY POLE,,
14713801,3225319,05/21/2015,12:45,2,NY,PICK-UP TRUCK,,,,,,,,,Going Straight Ahead,,,,,,,,Unspecified,
19139376,4228635,10/24/2019,7:30,a911f7b6-0635-4e53-a808-216a824ce3ea,NY,Station Wagon/Sport Utility Vehicle,FORD -CAR/SUV,,2010,North,1,M,Licensed,NY,Stopped in Traffic,Right Rear Bumper,Right Rear Bumper,,,,N,,Unspecified,Unspecified
19138722,4229032,10/24/2019,22:48,386549d6-8886-4ecc-9904-2ae51ce1a9d4,NY,Station Wagon/Sport Utility Vehicle,FORD -CAR/SUV,,2019,West,0,,,,Parked,Right Rear Bumper,Right Rear Bumper,Right Rear Quarter Panel,,,N,,Unspecified,Unspecified
8702657,18912,04/27/2013,3:00,2,NY,SPORT UTILITY / STATION WAGON,,,,,,,,,,,,,,,,,Fatigued/Drowsy,
19139991,4229103,10/24/2019,22:40,3c77d295-8de8-41cd-8e41-5d562b376b57,NY,Taxi,TOYT -CAR/SUV,,2015,East,1,M,Licensed,NY,Going Straight Ahead,Right Side Doors,Right Side Doors,No Damage,No Damage,No Damage,N,,Unspecified,Unspecified
13241410,244750,01/05/2014,16:00,2,NJ,PASSENGER VEHICLE,,,,,,,,,,,,,,,,,Unspecified,
9503405,60786,03/04/2013,8:55,2,NY,PASSENGER VEHICLE,,,,,,,,,,,,,,,,,Unspecified,
14998179,3363181,12/31/2015,8:55,2,NY,PASSENGER VEHICLE,,,,,,,,,Parked,,,,,,,,Unspecified,
19138606,4228994,10/24/2019,20:44,01cdcb25-92c9-4675-8f94-800da9e5e8f9,NY,Station Wagon/Sport Utility Vehicle,TOYT -CAR/SUV,,2015,North,1,M,Licensed,NY,Going Straight Ahead,Right Rear Quarter Panel,Right Rear Quarter Panel,,,,N,,Passing Too Closely,Unspecified
19140964,4229652,10/18/2019,3:19,bf167884-dfa9-43f2-9526-c2555c8cfaf5,NY,Sedan,FORD -CAR/SUV,,2014,West,0,,,,Parked,Right Rear Bumper,Right Rear Bumper,No Damage,No Damage,No Damage,N,,Unspecified,Unspecified
17392034,3570304,11/29/2016,17:10,1158904,NY,Sedan,NISS -CAR/SUV,,2012,North,2,M,Licensed,NY,Making Left Turn,Center Front End,No Damage,No Damage,No Damage,No Damage,N,,Driver Inattention/Distraction,Failure to Yield Right-of-Way
10669933,115753,11/09/2013,12:50,1,NY,PASSENGER VEHICLE,,,,,,,,,,,,,,,,,Unspecified,
9279658,48176,04/13/2013,10:17,1,NJ,PASSENGER VEHICLE,,,,,,,,,,,,,,,,,Other Vehicular,
16975598,3405490,04/15/2016,12:55,144051,NY,truck,isuza,deliv,2012,North,1,M,Licensed,NJ,Going Straight Ahead,Left Side Doors,Left Side Doors,No Damage,No Damage,No Damage,N,,Unspecified,Unspecified
19140717,4229516,10/18/2019,20:00,50ae3e29-e7d3-4f2a-9654-600bcd2af1a7,NY,Sedan,NISS -CAR/SUV,,2018,West,1,M,Licensed,NY,Going Straight Ahead,Center Back End,Center Back End,Right Rear Bumper,Center Back End,,N,,Unspecified,Unspecified
19139530,4228685,10/24/2019,9:00,1e4db1e1-53ae-4f0f-ba7b-daacf3187f0e,NY,Dump,MACK-TRUCK/BUS,,2018,West,1,M,Licensed,NY,Parked,Left Front Bumper,No Damage,,,,N,,Unspecified,Unspecified
17303869,3527244,09/25/2016,18:00,842549,NY,Station Wagon/Sport Utility Vehicle,FORD -CAR/SUV,,2002,East,5,M,Licensed,NY,Going Straight Ahead,Right Front Bumper,Right Front Bumper,,,,N,,Unspecified,Unspecified
12953874,228173,07/30/2012,15:00,1,NY,BUS,,,,,,,,,,,,,,,,,Unspecified,
9675080,2821840,11/10/2014,20:15,2,NY,SPORT UTILITY / STATION WAGON,,,,,,,,,Going Straight Ahead,,,,,,,,Unspecified,
17172871,3505053,08/19/2016,15:23,692423,MA,Sedan,KIA -CAR/SUV,,2016,Unknown,0,M,Licensed,OH,Parked,Right Rear Quarter Panel,Right Side Doors,Right Front Quarter Panel,No Damage,No Damage,N,,Unspecified,Unspecified
8572538,2836960,10/13/2013,14:55,2,NY,BICYCLE,,,,,,,,,,,,,,,,,Traffic Control Disregarded,
19139401,4228784,10/24/2019,12:25,b6cbddb1-024a-426f-8742-4a7199830574,NY,Sedan,CHEV -CAR/SUV,,2017,North,0,,,,Parked,Right Front Quarter Panel,Right Side Doors,Right Rear Quarter Panel,Right Rear Bumper,,N,,Unspecified,Unspecified
11315260,145863,03/23/2013,21:01,1,NY,OTHER,,,,,,,,,,,,,,,,,Failure to Yield Right-of-Way,
19139589,4228876,10/24/2019,17:00,99425d00-84b6-4205-ab53-e07863fd3095,NY,Station Wagon/Sport Utility Vehicle,HOND -CAR/SUV,,2000,East,1,M,Licensed,NY,Stopped in Traffic,Right Rear Bumper,Right Rear Bumper,Center Back End,Left Rear Bumper,Right Rear Quarter Panel,N,,Unspecified,Unspecified
14825597,3276702,08/13/2015,9:15,2,NY,PASSENGER VEHICLE,,,,,,,,,Making Left Turn,,,,,,,,Other Vehicular,
14964902,3346426,12/04/2015,17:50,2,NY,PASSENGER VEHICLE,,,,,,,,,Backing,,,,,,,,Backing Unsafely,
14197939,284987,08/02/2012,8:20,1,NJ,PASSENGER VEHICLE,,,,,,,,,,,,,,,,,Unspecified,
14876426,3301985,09/22/2015,16:50,1,NY,PASSENGER VEHICLE,,,,,,,,,Making Left Turn,,,,,,,,Driver Inattention/Distraction,
9978957,1020026,09/06/2014,17:12,1,NY,SPORT UTILITY / STATION WAGON,,,,,,,,,Going Straight Ahead,,,,,,,,Unspecified,
10782245,120363,11/11/2013,13:15,1,NY,PASSENGER VEHICLE,,,,,,,,,,,,,,,,,Unspecified,
8705770,20486,10/27/2013,4:15,1,NY,OTHER,,,,,,,,,,,,,,,,,Unspecified,
17239665,3558253,11/10/2016,17:25,1052897,NJ,Sedan,TOYT -CAR/SUV,,1998,South,1,M,Licensed,NJ,Slowing or Stopping,Center Front End,Center Front End,Left Front Bumper,Right Front Bumper,,N,,Driver Inattention/Distraction,Unspecified
12658900,214963,12/27/2012,11:10,1,NY,BUS,,,,,,,,,,,,,,,,,Unspecified,
19140179,4229097,10/24/2019,10:30,7a3f6333-acd4-4a28-a7b9-a3577c62d847,NY,Sedan,FORD -CAR/SUV,,2002,South,1,M,Licensed,NY,Going Straight Ahead,No Damage,No Damage,No Damage,No Damage,No Damage,N,,Unspecified,Unspecified
19138658,4229052,10/24/2019,12:04,193ec6fd-681a-408f-a889-b3462b7c75f0,NY,Station Wagon/Sport Utility Vehicle,LINC -CAR/SUV,,2013,South,1,M,Licensed,NY,Going Straight Ahead,Right Side Doors,Right Side Doors,No Damage,No Damage,No Damage,N,,Driver Inattention/Distraction,Unspecified
14637094,3185667,03/13/2015,0:58,1,NY,PASSENGER VEHICLE,,,,,,,,,Parked,,,,,,,,Unspecified,
17192960,3461036,06/13/2016,0:00,398253,,,,,,,,,,,,,,,,,Unspecified,,,
19140178,4229097,10/24/2019,10:30,d7d94e00-3355-4312-a70c-0c861952f91b,NY,Sedan,BMW -CAR/SUV,,2020,South,3,M,Licensed,NY,Going Straight Ahead,Left Front Bumper,Left Front Bumper,No Damage,No Damage,Other,N,,Unsafe Lane Changing,Unspecified
19138640,4229044,10/24/2019,20:40,05789133-a014-474f-a45f-20d6f6b58002,NY,Station Wagon/Sport Utility Vehicle,JEEP -CAR/SUV,,2018,East,1,M,Licensed,NY,Going Straight Ahead,Right Side Doors,Right Side Doors,,,,N,,Passing or Lane Usage Improper,Unspecified
11056089,133532,09/25/2013,16:00,2,NY,TAXI,,,,,,,,,,,,,,,,,Unspecified,
17199379,3518403,09/10/2016,19:20,773609,NJ,Station Wagon/Sport Utility Vehicle,MERZ -CAR/SUV,,2005,Unknown,1,F,Licensed,NJ,Parked,Left Rear Bumper,Left Rear Bumper,,,,N,,Unspecified,Unspecified
14785714,3257442,07/12/2015,22:40,2,NY,PASSENGER VEHICLE,,,,,,,,,Going Straight Ahead,,,,,,,,Unspecified,
14602717,3181111,03/06/2015,9:30,2,NY,UNKNOWN,,,,,,,,,Passing,,,,,,,,Other Vehicular,
17417712,3539215,10/13/2016,9:40,924620,NY,Station Wagon/Sport Utility Vehicle,CHEV -CAR/SUV,,2008,West,1,M,Licensed,NY,Merging,Right Front Quarter Panel,Right Front Quarter Panel,,,,N,,Failure to Yield Right-of-Way,Unsafe Lane Changing
14891978,3309808,10/06/2015,10:37,1,NY,PASSENGER VEHICLE,,,,,,,,,Going Straight Ahead,,,,,,,,Unspecified,
19139531,4228730,10/24/2019,12:30,fb5166b9-9bea-4b61-b505-bafcced4757c,NY,Station Wagon/Sport Utility Vehicle,TOYT -CAR/SUV,,2016,East,0,F,Licensed,NY,Making Left Turn,Center Front End,Left Front Bumper,,,,N,,Unspecified,Unspecified
19139010,4228870,10/24/2019,12:50,a0b7f5e0-4dc9-4c1c-83ce-036198ba1ad5,NY,Station Wagon/Sport Utility Vehicle,TOYT -CAR/SUV,,2013,South,0,,,,Parked,Left Rear Bumper,Left Rear Bumper,No Damage,No Damage,No Damage,N,,Unspecified,Unspecified
13226944,238938,07/30/2012,17:10,1,IL,PASSENGER VEHICLE,,,,,,,,,,,,,,,,,Unspecified,
11622876,161377,02/28/2013,6:31,1,NY,SPORT UTILITY / STATION WAGON,,,,,,,,,,,,,,,,,Unspecified,
10671059,307936,03/18/2014,15:45,1,NY,PASSENGER VEHICLE,,,,,,,,,,,,,,,,,Unspecified,
17028837,3453992,05/31/2016,16:33,341990,NY,4 dr sedan,HYUN -CAR/SUV,,2012,North,2,M,Licensed,NY,Going Straight Ahead,Left Rear Quarter Panel,Left Rear Quarter Panel,,,,N,,Driver Inattention/Distraction,Unspecified
14088768,281818,04/12/2013,19:41,2,NJ,PASSENGER VEHICLE,,,,,,,,,,,,,,,,,Unspecified,
13654653,263067,10/28/2013,17:15,1,NY,SPORT UTILITY / STATION WAGON,,,,,,,,,,,,,,,,,Unspecified,
17222329,3495015,08/06/2016,5:15,616085,NY,Sedan,HYUN -CAR/SUV,,2012,East,1,M,Licensed,NY,Stopped in Traffic,Left Rear Quarter Panel,Left Rear Quarter Panel,,,,N,,Unspecified,Unspecified
14854970,3291248,09/06/2015,12:51,1,NY,PASSENGER VEHICLE,,,,,,,,,Going Straight Ahead,,,,,,,,Unspecified,
16945532,3428745,03/21/2016,7:30,57510,NY,4 dr sedan,HOND -CAR/SUV,HOND CIV,2014,South,1,F,Licensed,NY,Going Straight Ahead,Center Front End,Center Front End,,,,N,,Driver Inattention/Distraction,Unspecified
19139686,4228978,10/24/2019,18:10,d9e7303b-5e39-4bf2-9009-3309034de5b1,NY,Station Wagon/Sport Utility Vehicle,VOLV -CAR/SUV,,2019,South,1,M,Licensed,NY,Going Straight Ahead,Left Front Bumper,Left Front Bumper,,,,N,,Unspecified,Unspecified
19139377,4228636,10/24/2019,8:05,337c0bb7-4bee-4b19-a2c9-031d5724fc05,NY,Station Wagon/Sport Utility Vehicle,JEEP -CAR/SUV,,2014,North,1,M,Licensed,NY,Going Straight Ahead,Right Rear Quarter Panel,Right Rear Quarter Panel,Right Rear Bumper,,,N,,Reaction to Uninvolved Vehicle,Unspecified
14736201,3236354,06/06/2015,11:30,1,NY,PASSENGER VEHICLE,,,,,,,,,Starting in Traffic,,,,,,,,Failure to Yield Right-of-Way,
17157088,3444592,05/12/2016,19:00,984058,NY,4 dr sedan,HYUN -CAR/SUV,HYUN ZZZ,2016,East,2,M,Licensed,PA,Going Straight Ahead,Center Back End,Center Back End,,,,N,,Unspecified,Unspecified
19138906,4228923,10/24/2019,17:00,33d6f0ba-70d8-48bf-b6e9-37dedf0c850b,NY,Sedan,HOND -CAR/SUV,,2014,East,1,,,,Making U Turn,Center Back End,No Damage,No Damage,No Damage,No Damage,N,,Driver Inattention/Distraction,Unspecified
13977604,3102077,07/31/2012,18:10,1,NY,SPORT UTILITY / STATION WAGON,,,,,,,,,,,,,,,,,Unspecified,
14518873,3146342,01/01/2015,15:22,1,NY,PASSENGER VEHICLE,,,,,,,,,Stopped in Traffic,,,,,,,,Unspecified,
12250032,194413,09/29/2012,3:12,1,NY,PASSENGER VEHICLE,,,,,,,,,,,,,,,,,Unspecified,
10611077,113448,02/24/2014,17:56,1,NY,SPORT UTILITY / STATION WAGON,,,,,,,,,,,,,,,,,Unspecified,
19140004,4229100,10/24/2019,0:00,ed592e37-b4e9-4448-95bd-24c4ea5fc12a,NY,Station Wagon/Sport Utility Vehicle,SUBA -CAR/SUV,,2018,West,0,M,Licensed,NY,Going Straight Ahead,Right Front Bumper,Center Front End,,,,N,,Driver Inattention/Distraction,Unspecified
19140709,4229517,10/19/2019,13:30,3f5f539a-70e8-42ac-acb4-ba941b20943b,NY,Station Wagon/Sport Utility Vehicle,STRN -CAR/SUV,,2009,West,1,M,Licensed,NY,Going Straight Ahead,Left Side Doors,Left Side Doors,,,,N,,View Obstructed/Limited,Unspecified
16960549,3427002,03/31/2016,14:40,70258,NY,4 dr sedan,CHEV -CAR/SUV,,2011,North,1,M,Licensed,NY,Slowing or Stopping,Left Front Bumper,Left Front Bumper,,,,N,,Unspecified,Unspecified
19139158,4228884,10/24/2019,14:07,3d42d1b4-3765-42e0-8840-1e7a20d408bd,NY,Bus,NOVA,,2019,North,1,M,Licensed,NJ,Going Straight Ahead,Left Front Bumper,Left Front Bumper,,,,N,,Unspecified,Unspecified
11753650,2968477,03/03/2014,9:30,1,NY,PASSENGER VEHICLE,,,,,,,,,,,,,,,,,Unspecified,
19139186,4228975,10/24/2019,11:50,76b6a16b-a840-417d-a5e7-4ca2e4edbe3c,NY,Sedan,HOND -CAR/SUV,,2019,Southwest,1,,,,Going Straight Ahead,Right Front Quarter Panel,Right Front Quarter Panel,No Damage,No Damage,No Damage,N,,Passing or Lane Usage Improper,Unsafe Lane Changing
13534111,3065983,12/28/2013,19:00,2,NY,PASSENGER VEHICLE,,,,,,,,,,,,,,,,,Unspecified,
19138723,4229032,10/24/2019,22:48,a98de86f-2768-4bca-ad85-195665459414,NY,Sedan,TOYT -CAR/SUV,,2012,West,1,M,Licensed,NY,Passing,Left Front Bumper,Left Front Bumper,Left Front Quarter Panel,,,N,,Passing Too Closely,Passing or Lane Usage Improper
17148493,3460288,06/10/2016,20:00,385985,NY,Bus,VANHO,,2000,Southeast,3,M,Licensed,NY,Going Straight Ahead,Right Side Doors,Right Side Doors,No Damage,No Damage,No Damage,N,,Backing Unsafely,Unspecified
19139521,4228983,10/24/2019,7:00,8bcd92e5-d957-44fb-ace7-67f419d30a96,TX,Sedan,HYUN -CAR/SUV,,2010,East,1,M,Licensed,NY,Merging,Center Front End,Center Front End,Left Front Bumper,Right Front Bumper,,N,,Following Too Closely,Unspecified
14711103,3225767,05/22/2015,8:12,2,NY,PASSENGER VEHICLE,,,,,,,,,Going Straight Ahead,,,,,,,,Unspecified,
14085773,280506,10/19/2012,8:56,1,NY,SPORT UTILITY / STATION WAGON,,,,,,,,,,,,,,,,,Unspecified,
14706955,3223978,05/18/2015,14:30,2,NJ,PASSENGER VEHICLE,,,,,,,,,Making Left Turn,,,,,,,,Lost Consciousness,
19140216,4229228,10/24/2019,20:59,3b3de7dd-dee0-4010-b351-454d8902689e,NY,Station Wagon/Sport Utility Vehicle,NISS -CAR/SUV,,2009,North,1,M,Licensed,FL,Going Straight Ahead,Left Front Bumper,Left Front Quarter Panel,,,,N,,Unspecified,Unspecified
9349147,52530,08/08/2012,5:28,2,NY,PASSENGER VEHICLE,,,,,,,,,,,,,,,,,Unspecified,
19139607,4228908,10/24/2019,20:12,f64e8247-8398-4b12-97b5-b558e128acad,NY,Station Wagon/Sport Utility Vehicle,HYUN -CAR/SUV,,2019,South,1,M,Licensed,NY,Going Straight Ahead,Left Rear Quarter Panel,Left Rear Quarter Panel,Left Side Doors,,,N,,Unspecified,Unspecified
19141100,4221934,10/12/2019,14:00,b230183d-d272-4e45-b98c-7bb20da57911,NY,Station Wagon/Sport Utility Vehicle,NISS -CAR/SUV,,2015,West,2,F,Licensed,NY,Going Straight Ahead,Center Front End,Center Front End,Left Front Bumper,Right Front Bumper,,N,,Unspecified,Unspecified
9133174,1011061,08/19/2014,18:50,2,NY,BUS,,,,,,,,,Going Straight Ahead,,,,,,,,Driver Inattention/Distraction,
9134777,2812954,10/23/2014,15:25,1,NY,TAXI,,,,,,,,,Merging,,,,,,,,Lost Consciousness,
11165037,139623,10/29/2013,12:40,2,NY,PASSENGER VEHICLE,,,,,,,,,,,,,,,,,Unspecified,
17243843,3511254,08/29/2016,17:00,736613,MD,Sedan,TOYT -CAR/SUV,,2007,North,1,M,Licensed,MD,Going Straight Ahead,Left Front Bumper,Left Front Bumper,Center Front End,Right Front Bumper,,N,,Unspecified,Unspecified
12543122,210249,02/14/2013,17:30,2,NY,PASSENGER VEHICLE,,,,,,,,,,,,,,,,,Unspecified,
19140304,4229334,10/24/2019,8:20,ecf7d271-5271-43aa-8020-085972a0bd35,NY,Sedan,MITS -CAR/SUV,,2014,East,1,F,Licensed,NY,Merging,Right Front Quarter Panel,Right Front Quarter Panel,,,,N,,Unsafe Lane Changing,Unspecified
9717900,70563,10/27/2012,16:08,2,CA,PASSENGER VEHICLE,,,,,,,,,,,,,,,,,Unspecified,
17374304,3580451,12/13/2016,23:50,1258671,IL,Sedan,KW -CAR/SUV,,2017,North,1,M,Licensed,NJ,Going Straight Ahead,Right Front Bumper,Right Front Bumper,Right Front Quarter Panel,,,N,,Unspecified,Unspecified
9396178,55555,07/03/2012,0:12,1,NY,PASSENGER VEHICLE,,,,,,,,,,,,,,,,,Unspecified,
12459407,207364,10/07/2013,18:24,1,NY,PASSENGER VEHICLE,,,,,,,,,,,,,,,,,Driver Inattention/Distraction,
13436244,1032019,09/30/2014,11:35,1,NY,PASSENGER VEHICLE,,,,,,,,,Slowing or Stopping,,,,,,,,Unspecified,
14977963,3352963,12/08/2015,19:30,1,NY,SPORT UTILITY / STATION WAGON,,,,,,,,,Making Left Turn,,,,,,,,Failure to Yield Right-of-Way,
19140732,4229527,10/24/2019,20:45,6b070545-d55f-4b37-805c-082028178390,NY,Station Wagon/Sport Utility Vehicle,TOYT -CAR/SUV,,2007,South,0,,,,Parked,Left Front Quarter Panel,Left Front Quarter Panel,Left Front Bumper,,,N,,Unspecified,Unspecified
9846871,346589,06/04/2014,11:00,2,NY,PASSENGER VEHICLE,,,,,,,,,Starting from Parking,,,,,,,,Unspecified,
12467721,2821153,11/09/2014,0:15,2,NY,PASSENGER VEHICLE,,,,,,,,,Going Straight Ahead,,,,,,,,Unspecified,
8711103,1031553,09/30/2014,9:00,2,NY,MOTORCYCLE,,,,,,,,,Slowing or Stopping,,,,,,,,Lost Consciousness,
12962970,232134,11/15/2013,9:10,1,NY,PASSENGER VEHICLE,,,,,,,,,,,,,,,,,Unspecified,
14790506,3259584,07/15/2015,16:00,2,NY,UNKNOWN,,,,,,,,,Making Left Turn,,,,,,,,Prescription Medication,
17160597,3460740,06/12/2016,17:50,392273,NY,Taxi,TOYT -CAR/SUV,,2015,East,4,M,Licensed,NY,Going Straight Ahead,Right Side Doors,Right Side Doors,Right Rear Quarter Panel,,,N,,Unspecified,Unspecified
10228163,94662,02/01/2014,7:00,1,NY,PASSENGER VEHICLE,,,,,,,,,,,,,,,,,Unspecified,
19138927,4228899,10/24/2019,16:00,bcf24d4c-9ac6-4729-b059-66973520f0cb,NY,Station Wagon/Sport Utility Vehicle,LEXS -CAR/SUV,,2020,Northeast,1,M,Licensed,NY,Other*,Left Front Bumper,Left Front Bumper,Left Front Quarter Panel,No Damage,No Damage,N,,Driver Inattention/Distraction,Unspecified
10062798,1015472,08/27/2014,9:55,1,NY,LARGE COM VEH(6 OR MORE TIRES),,,,,,,,,Changing Lanes,,,,,,,,Turning Improperly,
10957127,125877,07/31/2012,13:50,1,NY,PASSENGER VEHICLE,,,,,,,,,,,,,,,,,Backing Unsafely,
10532001,1029760,09/28/2014,11:36,1,NY,PASSENGER VEHICLE,,,,,,,,,Backing,,,,,,,,Unspecified,
14888066,3307822,10/02/2015,14:15,1,NY,PICK-UP TRUCK,,,,,,,,,Making Right Turn,,,,,,,,Unspecified,
19140706,4224138,10/14/2019,9:00,8c008487-4a15-4fc7-af24-ecd8e2309145,NY,Station Wagon/Sport Utility Vehicle,MNNI -CAR/SUV,,2017,West,0,,,,Parked,Right Front Bumper,Right Front Bumper,Right Front Quarter Panel,,,N,,Unspecified,Unspecified
19139579,4228864,10/24/2019,12:13,fc713b8b-71ef-44ae-86c2-0d82833fc6ac,NY,Pick-up Truck,VOLK -CAR/SUV,,2012,East,1,M,Licensed,NY,Going Straight Ahead,Center Back End,Left Side Doors,Left Front Quarter Panel,Left Rear Quarter Panel,Left Front Bumper,N,,Unspecified,Unspecified
14578877,3171407,02/18/2015,18:30,2,NY,OTHER,,,,,,,,,Going Straight Ahead,,,,,,,,Unspecified,
19139019,4229014,10/24/2019,19:54,ddaeaa8d-bc26-4050-a995-6a2d4c82c0a9,NY,Sedan,LEXS -CAR/SUV,,2017,West,1,M,Permit,NY,Making U Turn,Left Front Bumper,Left Front Bumper,No Damage,No Damage,No Damage,N,,Driver Inexperience,Turning Improperly
17387522,3560734,11/15/2016,8:10,1130901,NY,Station Wagon/Sport Utility Vehicle,NISS -CAR/SUV,,2016,North,1,F,Licensed,NY,Going Straight Ahead,Center Front End,Center Front End,,,,N,,Driver Inattention/Distraction,Driver Inattention/Distraction
14892129,3309884,10/06/2015,17:30,1,NY,VAN,,,,,,,,,Going Straight Ahead,,,,,,,,Other Vehicular,
19139713,4228751,10/24/2019,13:41,68d9c966-173b-44f6-ae6d-420ff449e0b6,NY,Station Wagon/Sport Utility Vehicle,HOND -CAR/SUV,,2018,Northwest,2,M,Licensed,NY,Making Right Turn,Left Front Bumper,Left Front Bumper,Center Front End,Left Front Quarter Panel,No Damage,N,,Driver Inattention/Distraction,Unspecified
8699471,17309,09/29/2012,13:45,2,NY,SPORT UTILITY / STATION WAGON,,,,,,,,,,,,,,,,,Traffic Control Disregarded,
17202048,3457385,06/07/2016,12:53,370609,NY,Station Wagon/Sport Utility Vehicle,HYUN -CAR/SUV,,2013,South,1,M,Licensed,NY,Going Straight Ahead,Left Rear Bumper,Center Back End,Right Rear Bumper,,,N,,Unspecified,Unspecified
19139533,4228728,10/24/2019,13:00,41f8d605-da30-4237-addf-4f68ac65f7bd,NC,Sedan,NISS -CAR/SUV,,2007,East,2,M,Licensed,NY,Going Straight Ahead,Right Front Bumper,Right Front Quarter Panel,,,,N,,Unsafe Speed,Unspecified
17195183,3530231,09/30/2016,3:20,864046,NY,Sedan,TOYT -CAR/SUV,,2017,South,1,M,Licensed,NY,Going Straight Ahead,Left Front Quarter Panel,Left Front Bumper,,,,N,,Unspecified,Unspecified