UNIQUE_ID,COLLISION_ID,CRASH_DATE,CRASH_TIME,VEHICLE_ID,STATE_REGISTRATION,VEHICLE_TYPE,VEHICLE_MAKE,VEHICLE_MODEL,VEHICLE_YEAR,TRAVEL_DIRECTION,VEHICLE_OCCUPANTS,DRIVER_SEX,DRIVER_LICENSE_STATUS,DRIVER_LICENSE_JURISDICTION,PRE_CRASH,POINT_OF_IMPACT,VEHICLE_DAMAGE,VEHICLE_DAMAGE_1,VEHICLE_DAMAGE_2,VEHICLE_DAMAGE_3,PUBLIC_PROPERTY_DAMAGE,PUBLIC_PROPERTY_DAMAGE_TYPE,CONTRIBUTING_FACTOR_1,CONTRIBUTING_FACTOR_2
10532087,1034683,10/06/2014,19:00,2,NY,BICYCLE,,,,,,,,,Passing,,,,,,,,Lost Consciousness,
13534977,259201,02/15/2014,18:35,2,NY,UNKNOWN,,,,,,,,,,,,,,,,,Unspecified,
14854760,3291145,09/04/2015,10:00,1,NY,PASSENGER VEHICLE,,,,,,,,,Going Straight Ahead,,,,,,,,Turning Improperly,
13753519,267238,11/12/2013,11:50,1,NY,PASSENGER VEHICLE,,,,,,,,,,,,,,,,,Unspecified,
19138513,4228698,10/24/2019,12:00,2dfe4dee-cc39-4ed6-b982-06ac7c817292,NJ,Flat Bed,MACK-TRUCK/BUS,,2004,North,1,M,Licensed,NY,Going Straight Ahead,Right Front Bumper,No Damage,No Damage,,,N,,Passing Too Closely,Unspecified
14908950,3318313,10/15/2015,12:20,1,NY,SMALL COM VEH(4 TIRES),,,,,,,,,Parked,,,,,,,,Unspecified,
15024609,3376467,01/24/2016,18:00,2,NY,UNKNOWN,,,,,,,,,,,,,,,,,Unspecified,
19139674,4228968,10/24/2019,9:00,d7a30ad6-f06b-4927-95ab-a96d3c54312d,,,,,,Unknown,,,,,,Other,Other,,,,Unspecified,,Passing Too Closely,Unspecified
19138896,4228919,10/24/2019,7:52,f7df4102-d78c-4e7b-9d1a-a036ec7cb603,NY,Station Wagon/Sport Utility Vehicle,NISS -CAR/SUV,,2018,West,1,M,Licensed,NY,Slowing or Stopping,Center Back End,Center Back End,Right Rear Bumper,Left Rear Bumper,,N,,Unspecified,Unspecified
19140723,4229525,10/23/2019,14:56,5041ae43-0e92-4cc1-930e-c4290ca33a75,NY,Convertible,KW -CAR/SUV,,2012,East,1,M,Licensed,NY,Going Straight Ahead,Left Front Bumper,Left Front Bumper,Center Front End,Right Front Bumper,,Unspecified,,Unspecified,Unspecified
17301763,3499345,08/12/2016,22:10,647364,NY,Sedan,BMW -CAR/SUV,,2002,Southwest,1,M,Licensed,NY,Going Straight Ahead,Left Rear Bumper,Left Rear Bumper,No Damage,No Damage,No Damage,N,,Unspecified,Unspecified
11740436,164374,09/18/2012,10:50,1,NY,UNKNOWN,,,,,,,,,,,,,,,,,Unspecified,
19138732,4229056,10/24/2019,19:04,c7384151-f819-4ddf-a3b5-c545f80d92b2,NY,Sedan,NISS -CAR/SUV,,2009,North,1,M,Licensed,NY,Stopped in Traffic,Center Back End,Right Rear Bumper,Left Rear Bumper,,,N,,Unspecified,Unspecified
17407805,3588823,12/28/2016,8:05,1259354,NY,Station Wagon/Sport Utility Vehicle,NISS -CAR/SUV,,2016,East,1,F,Licensed,NY,Parked,Left Front Bumper,Center Front End,Center Front End,,,N,,Unspecified,Unspecified
19139706,4228760,10/24/2019,8:30,7e2d2828-2426-4c2c-bff5-f765246c3c89,NY,Station Wagon/Sport Utility Vehicle,JEEP -CAR/SUV,,2018,East,0,,,,Parked,Left Rear Bumper,Left Rear Bumper,Right Rear Quarter Panel,,,N,,Unspecified,Unspecified
10872608,123541,04/26/2013,16:30,1,PA,SPORT UTILITY / STATION WAGON,,,,,,,,,,,,,,,,,Unspecified,
13532151,258074,09/14/2013,19:00,2,NY,SPORT UTILITY / STATION WAGON,,,,,,,,,,,,,,,,,Unspecified,
17240338,3537934,10/11/2016,13:45,916643,NY,Station Wagon/Sport Utility Vehicle,DODG -CAR/SUV,,2011,North,1,M,Licensed,NY,Going Straight Ahead,Center Back End,Center Back End,No Damage,No Damage,No Damage,N,,Unspecified,Unspecified
14814350,3271212,07/24/2015,13:10,2,NY,SMALL COM VEH(4 TIRES),,,,,,,,,Going Straight Ahead,,,,,,,,,
13233410,241620,03/26/2013,18:08,1,NJ,PASSENGER VEHICLE,,,,,,,,,,,,,,,,,Unspecified,
14872536,3300039,09/16/2015,23:25,3,NY,UNKNOWN,,,,,,,,,,,,,,,,,Unspecified,
12970613,2828792,11/22/2014,21:30,1,NY,PASSENGER VEHICLE,,,,,,,,,Parked,,,,,,,,Unspecified,
15055054,3391875,02/19/2016,19:30,1,NY,SPORT UTILITY / STATION WAGON,,,,,,,,,Going Straight Ahead,,,,,,,,Unspecified,
8884788,28916,05/05/2013,15:00,2,NY,PICK-UP TRUCK,,,,,,,,,,,,,,,,,Unspecified,
17235620,3505081,08/22/2016,10:15,686945,NY,Pallet,INTL-TRUCK/BUS,,2012,East,0,M,Licensed,NY,Going Straight Ahead,Left Front Bumper,Left Front Bumper,No Damage,No Damage,No Damage,N,,Unspecified,Unspecified
19140442,4229132,10/24/2019,1:00,6439f6bd-c483-42c3-927c-710570da9f68,NJ,Sedan,HOND -CAR/SUV,,2016,East,1,F,Licensed,NJ,Going Straight Ahead,Left Front Bumper,Center Front End,Right Front Bumper,Right Front Quarter Panel,,N,,Unspecified,Unspecified
19139179,4229064,10/24/2019,16:00,e0c30946-0193-4726-9702-b56852cc433f,NY,Taxi,TOYT -CAR/SUV,,2017,South,1,M,Licensed,NY,Going Straight Ahead,Left Front Bumper,Left Front Quarter Panel,Left Front Bumper,No Damage,No Damage,N,,Driver Inattention/Distraction,Unspecified
9280402,48498,05/08/2013,18:15,1,NY,PASSENGER VEHICLE,,,,,,,,,,,,,,,,,Unspecified,
16942273,4022015,03/22/2016,13:10,27041,NY,4 dr sedan,BUIC -CAR/SUV,BUIC ZZZ,2005,North,1,,,,Making Left Turn,Right Front Quarter Panel,Right Front Quarter Panel,,,,N,,Passing or Lane Usage Improper,Failure to Yield Right-of-Way
14865953,3296715,09/11/2015,22:50,1,NY,SPORT UTILITY / STATION WAGON,,,,,,,,,Going Straight Ahead,,,,,,,,Unspecified,
19140644,4229502,10/20/2019,16:10,f71ef9fb-6647-4b68-8ee3-1cc62fff6697,NY,Taxi,TOYT -CAR/SUV,,2019,North,1,M,Licensed,NY,Going Straight Ahead,Center Back End,Right Rear Bumper,Left Rear Bumper,Center Back End,,N,,Unspecified,Unspecified
16933844,3410204,03/16/2016,16:01,152616,NY,Pick-up Truck,MACK COMMERCIAL,,1989,West,1,M,Licensed,NY,Going Straight Ahead,Other,Other,Other,,,N,,Other Vehicular,Unspecified
9279164,2848776,03/26/2013,7:25,1,NY,PASSENGER VEHICLE,,,,,,,,,,,,,,,,,Driver Inattention/Distraction,
19139711,4228750,10/24/2019,12:22,68be3940-c769-4f20-bc01-b5f800066a96,NY,Station Wagon/Sport Utility Vehicle,CHEV -CAR/SUV,,2018,East,1,M,Licensed,NY,Going Straight Ahead,Center Back End,Center Back End,,,,Unspecified,,Unspecified,Unspecified
14491258,3134726,12/11/2014,9:10,1,NY,PASSENGER VEHICLE,,,,,,,,,Going Straight Ahead,,,,,,,,Physical Disability,
19139439,4229019,10/24/2019,23:44,2da709f6-df92-4108-a815-91c7f9166e37,NY,Sedan,TOYT -CAR/SUV,,2011,South,0,,,,Parked,Center Back End,Center Back End,Left Rear Bumper,Right Rear Bumper,Roof,N,,Unspecified,Unspecified
8790479,25840,02/01/2014,1:40,1,NH,PASSENGER VEHICLE,,,,,,,,,,,,,,,,,Other Electronic Device,
19138984,4229042,10/24/2019,17:14,7bbea3c7-268c-464c-918b-a53283a630ca,NY,Sedan,SMRT -CAR/SUV,,2017,North,2,M,Licensed,NY,Going Straight Ahead,Center Front End,Center Front End,,,,N,,Brakes Defective,Unspecified
14218205,293057,03/01/2014,12:25,1,NY,PASSENGER VEHICLE,,,,,,,,,,,,,,,,,Passenger Distraction,
19693635,4322428,06/22/2020,15:37,63b1633c-fba4-4c6d-aff4-8dfea98db833,,Sedan,,,,North,1,,,,Other*,Other,Other,Other,Other,Other,N,,Unspecified,Unspecified
19138877,4228623,10/24/2019,9:14,34408fd8-c806-451c-9532-8b71df8e10f8,NJ,Sedan,HOND -CAR/SUV,,2017,Northwest,1,M,Licensed,NJ,Making Right Turn,Right Front Bumper,Right Front Bumper,No Damage,No Damage,No Damage,N,,Following Too Closely,Unspecified
19138485,4228694,10/24/2019,9:07,59115a0d-8aea-4126-8207-507b2c54710a,NJ,Station Wagon/Sport Utility Vehicle,KIA -CAR/SUV,,2018,East,1,F,Licensed,NJ,Going Straight Ahead,Center Front End,No Damage,No Damage,No Damage,No Damage,N,,Following Too Closely,Glare
12958930,230372,04/25/2013,23:30,1,NY,PASSENGER VEHICLE,,,,,,,,,,,,,,,,,Unspecified,
17355188,3481604,07/16/2016,15:20,525545,NY,4 dr sedan,NISS -CAR/SUV,,2009,South,4,M,Licensed,NY,Stopped in Traffic,Right Rear Bumper,Right Rear Bumper,Center Back End,,,N,,Unspecified,Unspecified
15041840,3385203,02/07/2016,1:50,1,NY,LIVERY VEHICLE,,,,,,,,,Going Straight Ahead,,,,,,,,Unspecified,
14608346,3183488,03/10/2015,22:00,1,NY,OTHER,,,,,,,,,Parked,,,,,,,,Unspecified,
19140133,4229120,10/24/2019,8:00,a8eb9b10-ef51-48a0-b965-de8ed160c5d2,MI,Pick-up Truck,VOLV -CAR/SUV,,2017,Unknown,1,M,Licensed,PA,Making Left Turn,Left Side Doors,No Damage,No Damage,No Damage,No Damage,N,,Unspecified,Unspecified
13755660,307249,03/12/2014,15:15,1,NY,SPORT UTILITY / STATION WAGON,,,,,,,,,,,,,,,,,Unspecified,
19139584,4228862,10/24/2019,13:45,ad936ff6-e4ab-4cbb-83d3-fc739e006f5c,NY,Station Wagon/Sport Utility Vehicle,TOYT -CAR/SUV,,2015,South,1,F,Licensed,NY,Going Straight Ahead,Right Front Bumper,Right Front Bumper,,,,N,,Passing or Lane Usage Improper,Passing Too Closely
14533235,3152604,01/14/2015,19:45,1,NY,SPORT UTILITY / STATION WAGON,,,,,,,,,Making Left Turn,,,,,,,,Other Vehicular,
17276513,3521185,09/13/2016,22:30,789071,,,,,,,,,,,,,,,,,Unspecified,PASSENGER FRONT SIDE DAMAGED,,
10056584,87084,06/11/2013,21:45,2,TN,PASSENGER VEHICLE,,,,,,,,,,,,,,,,,Failure to Yield Right-of-Way,
19138662,4229055,10/24/2019,15:09,cecd450e-4f73-4330-9838-85967dec76f8,NY,Sedan,NISS -CAR/SUV,,2019,South,1,M,Licensed,NY,Starting from Parking,Left Front Quarter Panel,Left Front Quarter Panel,Left Front Bumper,No Damage,No Damage,N,,Driver Inattention/Distraction,Unspecified
10058521,87812,10/21/2013,12:44,2,NY,PASSENGER VEHICLE,,,,,,,,,,,,,,,,,Driver Inattention/Distraction,
9437141,57932,10/06/2012,7:25,1,DC,PASSENGER VEHICLE,,,,,,,,,,,,,,,,,Unspecified,
14491787,3134930,12/10/2014,4:55,1,NY,OTHER,,,,,,,,,Going Straight Ahead,,,,,,,,Driver Inexperience,
9361210,55479,08/16/2013,19:00,2,NY,SPORT UTILITY / STATION WAGON,,,,,,,,,,,,,,,,,,
13094265,306973,03/17/2014,17:00,2,NY,SPORT UTILITY / STATION WAGON,,,,,,,,,,,,,,,,,Driver Inattention/Distraction,
14865947,3296712,09/12/2015,1:05,1,NY,SPORT UTILITY / STATION WAGON,,,,,,,,,Going Straight Ahead,,,,,,,,Unspecified,
11757343,2968567,07/24/2014,14:50,1,FL,PICK-UP TRUCK,,,,,,,,,Going Straight Ahead,,,,,,,,Unspecified,
19140329,4229342,10/24/2019,23:16,7cb02ceb-87f1-4936-8b47-2fd8581ea913,NY,Taxi,NISS -CAR/SUV,,2015,East,2,M,Licensed,NY,Going Straight Ahead,Left Rear Bumper,Left Rear Bumper,Left Rear Quarter Panel,Center Back End,No Damage,N,,Unspecified,Unspecified
12249465,194170,08/19/2012,0:30,1,FL,PASSENGER VEHICLE,,,,,,,,,,,,,,,,,Unspecified,
19139715,4228752,10/24/2019,13:30,7f780634-147a-45f2-846c-079c289c3e30,NY,Station Wagon/Sport Utility Vehicle,FORD -CAR/SUV,,2019,West,2,M,Licensed,NY,Making Right Turn,Right Rear Quarter Panel,Right Rear Quarter Panel,,,,N,,Unspecified,Unspecified
17222823,3581197,12/17/2016,3:00,1212046,NY,Taxi,TOYT -CAR/SUV,,2013,West,1,M,Licensed,NY,Parked,Left Rear Bumper,Left Rear Bumper,No Damage,No Damage,No Damage,N,,Unspecified,Unspecified
11750100,168960,10/14/2013,14:25,2,NY,PASSENGER VEHICLE,,,,,,,,,,,,,,,,,Unspecified,
19139868,4229122,10/24/2019,19:00,f40398ab-a9a8-4115-be0d-45df85c97570,NY,Station Wagon/Sport Utility Vehicle,JEEP -CAR/SUV,,2018,West,1,M,Licensed,MX,Parked,Right Side Doors,Right Rear Quarter Panel,,,,Unspecified,,Unspecified,Unspecified
19139189,4228987,10/24/2019,0:00,64dca59d-0d6e-450e-b732-0fe63282a41b,,Bike,,,,East,1,M,,,Going Straight Ahead,Left Side Doors,Left Side Doors,,,,Unspecified,,Unspecified,Unspecified
19140233,4229335,10/24/2019,23:40,9ded51d4-abbc-42ee-9308-a0083b345228,NY,4 dr sedan,TOYT -CAR/SUV,,2018,North,1,M,Licensed,NY,Going Straight Ahead,Left Front Bumper,Left Front Bumper,Center Front End,,,N,,Driver Inattention/Distraction,Unspecified
19139675,4228965,10/24/2019,9:00,0deeba57-84f1-4fb9-ba08-0ab8de71e634,NY,Box Truck,HINO -TRUCK/BUS,,2012,Northeast,1,M,Licensed,NY,Making Right Turn,Left Rear Bumper,Left Rear Bumper,Left Rear Quarter Panel,,,N,,Reaction to Uninvolved Vehicle,Unspecified
14580186,3171984,02/19/2015,16:55,1,NY,PASSENGER VEHICLE,,,,,,,,,Going Straight Ahead,,,,,,,,Unspecified,
19140102,4229381,10/24/2019,13:00,026c42e9-0475-4af3-86c0-5ea353729b6e,NY,Sedan,LEXS -CAR/SUV,,1998,North,1,M,Licensed,NY,Going Straight Ahead,Left Front Quarter Panel,Left Front Quarter Panel,Left Side Doors,,,N,,Unspecified,Unspecified
19140347,4229138,10/24/2019,17:15,a55270e9-2eeb-44ca-b089-df40f39ab0a5,NY,Pick-up Truck,CHEV -CAR/SUV,,2003,South,1,M,Licensed,NY,Going Straight Ahead,Left Front Bumper,Center Front End,Right Front Bumper,Left Front Bumper,Center Front End,N,,Driver Inattention/Distraction,Driver Inattention/Distraction
17164367,3548200,10/25/2016,17:20,980315,NY,Bike,,,,East,1,M,Licensed,CT,Going Straight Ahead,Center Front End,Center Front End,Center Front End,Center Front End,,N,,Passing or Lane Usage Improper,Unspecified
19139541,4228928,10/24/2019,18:35,856fb0f8-b846-4594-abfa-440dd856155b,NY,Station Wagon/Sport Utility Vehicle,LEXS -CAR/SUV,,2016,North,0,M,Licensed,NY,Going Straight Ahead,Left Front Quarter Panel,Left Front Quarter Panel,Left Front Bumper,,,N,,Unspecified,Unspecified
19139056,4229011,10/24/2019,14:32,88611d5f-e0b7-4d74-bad9-968ccf98bf4d,NY,Sedan,HOND -CAR/SUV,,2018,West,2,M,Licensed,NY,Going Straight Ahead,Left Front Bumper,Left Front Bumper,Left Front Quarter Panel,,,N,,Driver Inattention/Distraction,Unspecified
19138985,4229034,10/24/2019,20:15,cf43351c-0006-452c-9c18-1b4996eeaf29,NY,Station Wagon/Sport Utility Vehicle,LEXS -CAR/SUV,,2019,West,1,F,Licensed,NY,Making Right Turn,Right Front Quarter Panel,Right Side Doors,Right Rear Quarter Panel,,,N,,Unspecified,Unspecified
12953409,227975,07/05/2012,7:30,3,NY,PASSENGER VEHICLE,,,,,,,,,,,,,,,,,Unspecified,
19138490,4228816,10/24/2019,15:29,1752f0f7-8f17-4710-b7b5-bae3eca329d8,NY,Station Wagon/Sport Utility Vehicle,MERZ -CAR/SUV,,2014,North,1,F,Licensed,NY,Going Straight Ahead,Left Side Doors,Left Rear Quarter Panel,Left Rear Bumper,No Damage,No Damage,N,,Unspecified,Unspecified
19139144,4228613,10/24/2019,8:30,6d5bea65-c2f7-49fc-9bf6-c3663bd0fa41,NY,Sedan,HYUN -CAR/SUV,,2018,South,1,F,Licensed,NY,Going Straight Ahead,Right Front Quarter Panel,Right Front Bumper,Center Front End,Left Front Bumper,,N,,Unspecified,Unspecified
14392386,294442,10/01/2012,12:25,1,NY,PASSENGER VEHICLE,,,,,,,,,,,,,,,,,Unspecified,
16958694,3405780,04/11/2016,16:56,121243,NY,Station Wagon/Sport Utility Vehicle,LEXS -CAR/SUV,LEXS R35,2013,North,2,,,,Parked,Left Side Doors,Left Side Doors,Left Front Quarter Panel,Left Rear Quarter Panel,,N,,Unspecified,
19139724,4228833,10/24/2019,17:51,82a6db6b-e3fa-4f2f-9cbc-69a710437e92,NY,Sedan,TOYT -CAR/SUV,,2005,East,1,M,Licensed,NY,Going Straight Ahead,Right Rear Quarter Panel,Right Rear Quarter Panel,,,,N,,Unspecified,Unspecified
19140318,4229339,10/24/2019,14:14,f134045b-9070-4e61-9952-d2eb65e277d0,NY,Station Wagon/Sport Utility Vehicle,FORD -CAR/SUV,,2019,East,1,F,Licensed,NY,Stopped in Traffic,Left Rear Quarter Panel,Left Rear Quarter Panel,,,,N,,Unspecified,Unspecified
19139042,4228743,10/24/2019,0:00,9b9275c3-8949-4385-b08b-c569bfaf00a1,NY,Sedan,CHEV -CAR/SUV,,2018,North,0,M,Licensed,NY,Going Straight Ahead,Center Front End,Right Front Bumper,No Damage,No Damage,No Damage,N,,Following Too Closely,Unspecified
19139770,4229164,10/24/2019,0:00,583ef767-7ed6-43dc-a358-402d8dc66b56,NY,Sedan,TOYT -CAR/SUV,,2015,South,1,M,Licensed,NY,Going Straight Ahead,Right Front Bumper,Right Front Bumper,No Damage,No Damage,No Damage,N,,Driver Inattention/Distraction,Unspecified
14775412,3252410,07/04/2015,11:45,1,NY,UNKNOWN,,,,,,,,,Going Straight Ahead,,,,,,,,Unspecified,
14861332,3294418,09/10/2015,15:50,1,NY,PASSENGER VEHICLE,,,,,,,,,Other*,,,,,,,,Unspecified,
17372648,3539167,10/03/2016,16:05,924040,NY,Bike,,,,East,1,M,Licensed,NY,Going Straight Ahead,Left Front Quarter Panel,No Damage,No Damage,No Damage,No Damage,N,,Other Vehicular,Unspecified
14942892,3335324,11/15/2015,21:19,2,NY,SPORT UTILITY / STATION WAGON,,,,,,,,,Parked,,,,,,,,Other Electronic Device,
17151852,3485245,07/20/2016,16:14,542339,NY,4 dr sedan,TOYT -CAR/SUV,,2013,South,1,M,Licensed,NY,Going Straight Ahead,Left Rear Quarter Panel,Left Rear Quarter Panel,No Damage,No Damage,No Damage,N,,Driver Inattention/Distraction,Unsafe Lane Changing
13651276,261923,06/03/2013,18:00,2,NY,UNKNOWN,,,,,,,,,,,,,,,,,Unspecified,
19139271,4228952,10/24/2019,17:21,6e76623e-e994-47f1-9245-a675e5800e64,NY,Sedan,VOLV -CAR/SUV,,2018,South,0,F,Licensed,NY,Going Straight Ahead,Left Rear Quarter Panel,Left Rear Quarter Panel,Left Side Doors,Left Side Doors,No Damage,N,,Driver Inattention/Distraction,Unspecified
16950977,3415599,03/31/2016,16:10,72313,NY,Station Wagon/Sport Utility Vehicle,GMC -CAR/SUV,,2005,South,1,M,Licensed,NY,Starting from Parking,Left Front Bumper,Left Front Bumper,Center Front End,Right Front Bumper,,Unspecified,,Failure to Yield Right-of-Way,Driver Inattention/Distraction
19138542,4228901,10/24/2019,15:50,a68fbad8-3c19-4480-b139-6e0d842e6798,NY,Station Wagon/Sport Utility Vehicle,AUDI -CAR/SUV,,2007,North,1,M,Licensed,NY,Starting from Parking,Left Rear Bumper,Left Rear Quarter Panel,No Damage,No Damage,No Damage,N,,Driver Inattention/Distraction,Passing or Lane Usage Improper
19139159,4228884,10/24/2019,14:07,4339b1d8-1b58-475e-bd82-7edb597ae07f,NY,Taxi,TOYT -CAR/SUV,,2015,Southeast,1,M,Licensed,NY,Making Right Turn,Left Front Bumper,Left Front Bumper,,,,N,,Driver Inattention/Distraction,Unspecified
9000199,36243,09/29/2013,20:00,1,CA,PASSENGER VEHICLE,,,,,,,,,,,,,,,,,Unspecified,
17205336,4023519,06/13/2016,16:15,402869,NY,4 dr sedan,HOND -CAR/SUV,,1995,West,1,M,Licensed,NY,Going Straight Ahead,Right Front Bumper,Right Front Bumper,Right Front Quarter Panel,,,N,,Unsafe Speed,Unspecified
19139853,4229487,10/24/2019,13:22,a937e904-8611-49b2-8174-21038e10eeac,NY,Taxi,HYUN -CAR/SUV,,2017,East,1,M,Licensed,NY,Going Straight Ahead,Center Front End,Center Front End,Left Front Bumper,Right Front Bumper,No Damage,N,,Unspecified,Unspecified
14967262,3347607,12/05/2015,19:20,2,NY,SPORT UTILITY / STATION WAGON,,,,,,,,,Changing Lanes,,,,,,,,Fatigued/Drowsy,
19138604,4228999,10/24/2019,14:30,29cdae59-bb95-4904-a7bb-9fe4c76dac73,NY,Pick-up Truck,TOYT -CAR/SUV,,1986,North,0,,,,Parked,Left Rear Bumper,Left Rear Bumper,Left Rear Quarter Panel,,,N,,Unspecified,Unspecified
13993875,351091,06/12/2014,13:30,1,GA,UNKNOWN,,,,,,,,,Going Straight Ahead,,,,,,,,Unspecified,
19139460,4228829,10/24/2019,15:17,f4417239-77f4-4807-92b9-59269062e961,NJ,Sedan,SAA -CAR/SUV,,2000,South,1,M,Licensed,NY,Going Straight Ahead,Left Side Doors,Left Side Doors,No Damage,No Damage,No Damage,N,,Failure to Yield Right-of-Way,Unsafe Speed
19139588,4228860,10/24/2019,15:00,60a8a761-29cd-410e-838f-8436b9b06383,NY,Station Wagon/Sport Utility Vehicle,TOYT -CAR/SUV,,2013,South,1,F,Licensed,NY,Going Straight Ahead,Left Rear Quarter Panel,Left Front Bumper,Left Side Doors,Left Front Quarter Panel,Center Front End,N,,Driver Inattention/Distraction,Unspecified
9130621,328675,05/01/2014,22:40,2,NY,BUS,,,,,,,,,Slowing or Stopping,,,,,,,,Fatigued/Drowsy,
14614730,3186125,03/13/2015,13:00,2,NY,PASSENGER VEHICLE,,,,,,,,,Parked,,,,,,,,Unspecified,
13099467,2814807,10/26/2014,9:50,2,NY,TAXI,,,,,,,,,Going Straight Ahead,,,,,,,,Unspecified,
19139688,4228979,10/24/2019,19:30,dd087c72-186b-4080-a51f-56348e4b5012,NY,Sedan,HOND -CAR/SUV,,2012,East,0,F,Licensed,NY,Going Straight Ahead,Center Back End,Center Back End,No Damage,No Damage,No Damage,N,,Reaction to Uninvolved Vehicle,Unspecified
11261733,144567,02/17/2014,14:20,1,NY,PASSENGER VEHICLE,,,,,,,,,,,,,,,,,Unspecified,
8880101,26472,08/12/2012,13:05,1,NY,UNKNOWN,,,,,,,,,,,,,,,,,Unspecified,
19139384,4228941,10/24/2019,15:43,414fcf8c-e469-46e5-8123-3bc04439e04c,NY,Pick-up Truck,TOYT -CAR/SUV,,2016,North,1,M,Licensed,NY,Going Straight Ahead,Center Back End,Center Back End,Center Front End,,,N,,Following Too Closely,Unspecified
19140317,4229341,10/24/2019,14:15,4cbd348e-d49a-410e-bc28-1178e0163cef,NY,Sedan,BMW -CAR/SUV,,2015,East,3,M,Licensed,NY,Going Straight Ahead,Center Front End,Center Front End,,,,N,,Reaction to Uninvolved Vehicle,Unspecified
19138902,4228921,10/24/2019,11:50,3671ec9c-0f50-4fe0-ad66-fb02c97406d2,NY,Station Wagon/Sport Utility Vehicle,MAZD -CAR/SUV,,2018,East,2,F,Licensed,NY,Slowing or Stopping,Center Back End,Center Back End,No Damage,No Damage,No Damage,N,,Unspecified,Unspecified
19139548,4228776,10/24/2019,8:00,ca3eadfd-b648-462c-bb25-18d33d0042c5,NY,Station Wagon/Sport Utility Vehicle,FORD -CAR/SUV,,2010,North,0,,,,Parked,Right Front Quarter Panel,Right Front Quarter Panel,Right Front Bumper,Right Front Bumper,No Damage,N,,Unspecified,Unspecified
19140328,4229231,10/24/2019,20:30,34204d83-c33e-48c1-915c-bb66900f32be,TN,Tractor Truck Diesel,INTL-TRUCK/BUS,,2018,West,1,M,Licensed,VA,Going Straight Ahead,Left Rear Bumper,Left Rear Bumper,,,,N,,Unspecified,Unspecified
19140238,4229136,10/24/2019,12:45,040b248a-8885-48d6-9807-590e17e1b6be,NJ,Sedan,BMW -CAR/SUV,,2011,North,1,M,Permit,NJ,Stopped in Traffic,Center Back End,Center Back End,Left Rear Bumper,Right Rear Bumper,No Damage,N,,Unspecified,Unspecified