UNIQUE_ID,COLLISION_ID,CRASH_DATE,CRASH_TIME,VEHICLE_ID,STATE_REGISTRATION,VEHICLE_TYPE,VEHICLE_MAKE,VEHICLE_MODEL,VEHICLE_YEAR,TRAVEL_DIRECTION,VEHICLE_OCCUPANTS,DRIVER_SEX,DRIVER_LICENSE_STATUS,DRIVER_LICENSE_JURISDICTION,PRE_CRASH,POINT_OF_IMPACT,VEHICLE_DAMAGE,VEHICLE_DAMAGE_1,VEHICLE_DAMAGE_2,VEHICLE_DAMAGE_3,PUBLIC_PROPERTY_DAMAGE,PUBLIC_PROPERTY_DAMAGE_TYPE,CONTRIBUTING_FACTOR_1,CONTRIBUTING_FACTOR_2
14587537,3174932,02/21/2015,18:45,2,NY,SPORT UTILITY / STATION WAGON,,,,,,,,,Going Straight Ahead,,,,,,,,Unspecified,
16947569,3424459,03/25/2016,12:40,41685,FL,Sedan,HOND -CAR/SUV,HOND CIV,2010,North,1,F,Licensed,FL,Going Straight Ahead,Right Side Doors,Right Side Doors,Right Front Quarter Panel,Right Rear Quarter Panel,,N,,Unspecified,
17054473,3437948,05/08/2016,13:25,243710,NY,4 dr sedan,ACUR -CAR/SUV,ACUR MDX,2008,Unknown,1,M,Licensed,NY,Making U Turn,Right Front Bumper,Right Front Quarter Panel,,,,N,,Turning Improperly,Driver Inattention/Distraction
9129017,44673,02/18/2014,12:15,2,NY,LIVERY VEHICLE,,,,,,,,,,,,,,,,,Failure to Yield Right-of-Way,
14678142,3212348,05/01/2015,16:45,1,NY,PASSENGER VEHICLE,,,,,,,,,Going Straight Ahead,,,,,,,,Lost Consciousness,
19138846,4228651,10/24/2019,7:00,1e3bfc43-0db8-4b5b-8fef-51a6e3401d31,NY,Sedan,TOYT -CAR/SUV,,2018,North,1,M,Licensed,NY,Slowing or Stopping,Right Rear Bumper,Right Rear Bumper,Center Back End,Left Rear Bumper,,N,,Unspecified,Unspecified
19139489,4228934,10/24/2019,18:06,d546ae3b-7780-43c8-b585-4a0326ed1fc9,NY,Station Wagon/Sport Utility Vehicle,INFI -CAR/SUV,,2015,Southeast,2,M,Licensed,NY,Making Left Turn,Left Front Bumper,Left Front Bumper,Center Front End,No Damage,No Damage,N,,Failure to Yield Right-of-Way,Unspecified
9500412,59752,07/30/2012,8:55,2,NY,SPORT UTILITY / STATION WAGON,,,,,,,,,,,,,,,,,Unspecified,
13533170,258483,11/11/2013,16:40,1,NY,PASSENGER VEHICLE,,,,,,,,,,,,,,,,,Unspecified,
19139692,4228980,10/24/2019,23:10,f4626927-040b-4d7a-b10e-d360edc66855,,Bike,,,,East,1,M,Unlicensed,,Going Straight Ahead,Center Back End,Center Back End,No Damage,No Damage,No Damage,N,,Passing or Lane Usage Improper,Unspecified
19139919,4229469,10/24/2019,9:15,62cdecc3-519a-4e36-9b13-9b63ccdd42c5,NY,Taxi,TOYT -CAR/SUV,,2015,North,2,M,Licensed,NY,Going Straight Ahead,Right Front Bumper,Right Front Bumper,Right Front Quarter Panel,,,N,,Driver Inattention/Distraction,Unspecified
12337821,202120,01/25/2014,17:20,2,,UNKNOWN,,,,,,,,,,,,,,,,,Unspecified,
9846240,2881439,03/24/2014,14:40,2,CT,PASSENGER VEHICLE,,,,,,,,,,,,,,,,,Unspecified,
11170177,1006903,08/08/2014,18:30,1,NY,SPORT UTILITY / STATION WAGON,,,,,,,,,Going Straight Ahead,,,,,,,,Unspecified,
14900398,3314033,10/12/2015,12:20,3,NY,PASSENGER VEHICLE,,,,,,,,,,,,,,,,,Unspecified,
14800555,3264470,07/24/2015,6:50,2,NY,PASSENGER VEHICLE,,,,,,,,,Stopped in Traffic,,,,,,,,Driver Inattention/Distraction,
19140140,4229118,10/24/2019,17:20,f7833983-921e-43e2-a699-4ecdb0fdbbbc,NY,Station Wagon/Sport Utility Vehicle,HINO,,2016,Southeast,2,M,Licensed,NY,Backing,No Damage,No Damage,,,,N,,Unspecified,Unspecified
12665155,3003911,10/07/2013,13:10,1,NY,LARGE COM VEH(6 OR MORE TIRES),,,,,,,,,,,,,,,,,Fatigued/Drowsy,
19139424,4228909,10/24/2019,15:00,6557a982-b90f-4ebf-9209-25c02e4d734a,NY,Station Wagon/Sport Utility Vehicle,JEEP -CAR/SUV,,2019,Southwest,2,F,Licensed,NY,Making Left Turn,Right Front Bumper,Right Front Bumper,Center Front End,,,N,,Failure to Yield Right-of-Way,Unspecified
19139015,4228868,10/24/2019,16:00,3cbc8e1a-a7f3-4c26-b8d6-e56338094447,NY,Station Wagon/Sport Utility Vehicle,CHEV -CAR/SUV,,2011,North,1,M,Licensed,NY,Backing,Center Back End,Center Back End,Right Rear Bumper,Left Rear Bumper,No Damage,Y,,Physical Disability,Unsafe Lane Changing
19139542,4228928,10/24/2019,18:35,7dbc60e4-b5b3-4d69-a303-59fef1677e8e,NY,Sedan,TOYT -CAR/SUV,,1998,Northeast,0,M,Licensed,NY,Going Straight Ahead,Right Front Bumper,Right Front Bumper,,,,N,,Unspecified,Unspecified
17310164,3538229,10/11/2016,14:35,917504,MN,Tractor Truck Diesel,kidron,,2004,North,1,M,Licensed,NJ,Backing,Trailer,Trailer,,,,Y,,Backing Unsafely,Unspecified
11315709,146062,05/10/2013,11:18,3,NY,PASSENGER VEHICLE,,,,,,,,,,,,,,,,,Unspecified,
17350358,3512279,08/27/2016,20:15,740024,NJ,Pick-up Truck,WHGM -CAR/SUV,,2015,East,2,M,Licensed,NJ,Going Straight Ahead,Left Front Bumper,Left Front Bumper,No Damage,No Damage,No Damage,N,,Unspecified,Unspecified
17253606,3517265,09/10/2016,22:15,777438,NJ,Station Wagon/Sport Utility Vehicle,MAZD -CAR/SUV,,2015,West,3,M,Licensed,NJ,Going Straight Ahead,Left Rear Quarter Panel,Left Rear Quarter Panel,,,,N,,Unspecified,Unspecified
16935215,3414719,03/12/2016,12:14,10782,NJ,Station Wagon/Sport Utility Vehicle,LEXS -CAR/SUV,,2015,West,0,,,,Parked,Left Side Doors,Left Front Quarter Panel,Left Front Bumper,Center Front End,Right Front Bumper,Unspecified,,Unspecified,Unspecified
14691168,3218068,05/10/2015,11:20,2,SC,SPORT UTILITY / STATION WAGON,,,,,,,,,Going Straight Ahead,,,,,,,,Fatigued/Drowsy,
13534899,259169,02/11/2014,20:00,2,NY,PASSENGER VEHICLE,,,,,,,,,,,,,,,,,Driver Inattention/Distraction,
14576148,3168245,02/12/2015,13:32,2,NY,SPORT UTILITY / STATION WAGON,,,,,,,,,Backing,,,,,,,,Backing Unsafely,
19139407,4228681,10/24/2019,7:50,4a6f0ec8-84a2-43e8-8182-a6702260666d,NY,Sedan,HOND -CAR/SUV,,2013,North,1,M,Licensed,NY,Going Straight Ahead,Right Rear Quarter Panel,Right Rear Quarter Panel,,,,N,,Unsafe Lane Changing,Unspecified
13992496,321859,04/16/2014,15:00,2,NY,PASSENGER VEHICLE,,,,,,,,,,,,,,,,,Unspecified,
10787600,1015954,08/29/2014,19:30,1,NY,PASSENGER VEHICLE,,,,,,,,,Making Right Turn,,,,,,,,Failure to Yield Right-of-Way,
19138475,4228827,10/24/2019,10:35,214b6a33-bb5f-4e5d-a56b-7094bf38c76d,NY,Station Wagon/Sport Utility Vehicle,GMC -CAR/SUV,,2016,East,1,M,Licensed,NY,Going Straight Ahead,Left Front Bumper,Left Front Bumper,Center Front End,Right Front Bumper,Roof,Y,,Driver Inattention/Distraction,Pavement Defective
9968699,82181,01/18/2013,7:38,1,NY,PASSENGER VEHICLE,,,,,,,,,,,,,,,,,Unspecified,
10169037,2914556,08/06/2014,9:20,1,NY,PASSENGER VEHICLE,,,,,,,,,Making Right Turn,,,,,,,,Unspecified,
11158410,136328,11/21/2012,21:10,2,NY,PASSENGER VEHICLE,,,,,,,,,,,,,,,,,Unspecified,
15012031,3370139,01/12/2016,13:15,2,PA,PASSENGER VEHICLE,,,,,,,,,Going Straight Ahead,,,,,,,,Unspecified,
12843177,223966,06/06/2013,20:25,1,NY,SPORT UTILITY / STATION WAGON,,,,,,,,,,,,,,,,,Fatigued/Drowsy,
17220943,3472654,06/30/2016,14:30,469231,NY,4 dr sedan,TOYT -CAR/SUV,,2010,North,1,M,Licensed,NY,Changing Lanes,Right Front Quarter Panel,Right Front Quarter Panel,,,,N,,Driver Inattention/Distraction,Unsafe Lane Changing
12053302,186438,07/19/2013,13:00,2,PA,PASSENGER VEHICLE,,,,,,,,,,,,,,,,,Unspecified,
8999112,35726,08/07/2013,9:05,1,NY,TAXI,,,,,,,,,,,,,,,,,Unspecified,
17349829,3517342,09/11/2016,23:30,778259,NY,Station Wagon/Sport Utility Vehicle,FORD -CAR/SUV,,2011,East,0,M,Licensed,NY,Going Straight Ahead,Right Rear Quarter Panel,Right Rear Quarter Panel,,,,N,,Driver Inattention/Distraction,Passing or Lane Usage Improper
19139227,4228761,10/24/2019,7:26,c1acb212-fefb-4d2f-b914-53747df607c9,NY,Station Wagon/Sport Utility Vehicle,DODG -CAR/SUV,,2018,South,3,F,Licensed,NY,Going Straight Ahead,Right Front Bumper,Right Front Bumper,Right Front Quarter Panel,Right Side Doors,Center Front End,N,,Failure to Yield Right-of-Way,Traffic Control Disregarded
17264543,3497938,08/10/2016,11:57,637421,NY,,,,,East,,,,,Going Straight Ahead,Right Rear Quarter Panel,Right Rear Quarter Panel,,,,Unspecified,,Driver Inattention/Distraction,Passing Too Closely
19139780,4229157,10/24/2019,15:37,5fc76fff-6fae-45d3-abcf-8dac9734236f,NY,Station Wagon/Sport Utility Vehicle,CHEV -CAR/SUV,,2017,North,0,,,,Parked,Center Back End,Center Back End,Left Rear Bumper,Right Rear Bumper,No Damage,N,,Unspecified,Unspecified
10392862,2927888,04/02/2014,16:20,2,QB,LARGE COM VEH(6 OR MORE TIRES),,,,,,,,,,,,,,,,,Unspecified,
19140506,4229115,10/24/2019,11:40,4d296b95-438c-492d-9860-23900e93810d,NY,Station Wagon/Sport Utility Vehicle,FORD -CAR/SUV,,2014,West,1,M,Licensed,NY,Backing,Left Rear Bumper,No Damage,,,,N,,Backing Unsafely,Unspecified
8392615,739,09/15/2012,23:42,2,NY,SPORT UTILITY / STATION WAGON,,,,,,,,,,,,,,,,,Unspecified,
12184699,192685,05/06/2013,15:40,1,NY,TAXI,,,,,,,,,,,,,,,,,Unspecified,
17367394,3511778,08/31/2016,23:00,735913,NY,Station Wagon/Sport Utility Vehicle,VOLV -CAR/SUV,,2010,West,0,,,,Parked,Right Front Quarter Panel,Right Front Quarter Panel,Right Front Bumper,Left Front Bumper,Left Front Quarter Panel,Unspecified,,Unspecified,Unspecified
8397526,3199,07/10/2013,18:26,2,NY,PASSENGER VEHICLE,,,,,,,,,,,,,,,,,Prescription Medication,
12841877,223419,05/01/2013,9:05,2,NY,PASSENGER VEHICLE,,,,,,,,,,,,,,,,,Lost Consciousness,
9538906,62882,05/18/2013,13:12,2,NY,PASSENGER VEHICLE,,,,,,,,,,,,,,,,,Unspecified,
17388460,3589249,12/27/2016,23:00,1261315,NY,Sedan,LINC -CAR/SUV,,2005,East,1,M,Licensed,NY,Starting from Parking,Left Front Bumper,Left Front Bumper,,,,N,,Failure to Yield Right-of-Way,Unspecified
19139604,4228906,10/24/2019,20:00,37df756e-309d-4b7a-bd23-73267241fb39,PA,Station Wagon/Sport Utility Vehicle,VOLK -CAR/SUV,,2010,West,1,M,Unlicensed,,Going Straight Ahead,Center Front End,Center Front End,Right Front Bumper,Left Front Bumper,,N,,Driver Inattention/Distraction,Driver Inattention/Distraction
17195843,3534381,10/05/2016,8:39,890834,PA,Sedan,FORD -CAR/SUV,,2016,West,2,F,Licensed,NY,Parked,No Damage,Other,No Damage,No Damage,No Damage,N,,Unspecified,Unspecified
19140817,4229596,10/23/2019,12:30,c3fe030c-fb2b-409b-86ba-cb9629a33cdb,NJ,Station Wagon/Sport Utility Vehicle,STRN -CAR/SUV,,2006,East,1,M,Licensed,NJ,Going Straight Ahead,Center Front End,Center Front End,,,,N,,Driver Inattention/Distraction,Following Too Closely
12451918,204260,09/08/2012,22:26,1,NY,SPORT UTILITY / STATION WAGON,,,,,,,,,,,,,,,,,Unspecified,
19138996,4228597,10/24/2019,8:30,270d3d74-9f47-4b0d-b9b4-ac1f1e19c5dd,NY,Station Wagon/Sport Utility Vehicle,TOYT -CAR/SUV,,2013,West,1,M,Licensed,NY,Going Straight Ahead,Right Front Bumper,Right Front Bumper,,,,N,,Unspecified,Unspecified
14713753,3225910,05/23/2015,0:40,1,NJ,PASSENGER VEHICLE,,,,,,,,,Making Right Turn,,,,,,,,Unspecified,
19140794,4229498,10/23/2019,0:00,30138dfe-1e9e-4c44-b1c1-e39a24309ec4,NY,Sedan,HYUN -CAR/SUV,,2019,West,1,F,Licensed,NY,Going Straight Ahead,Center Front End,Center Front End,Left Front Bumper,Right Front Bumper,,N,,Driver Inattention/Distraction,Following Too Closely
8999535,35927,08/26/2013,20:21,1,NJ,PASSENGER VEHICLE,,,,,,,,,,,,,,,,,Turning Improperly,
19140523,4229192,10/24/2019,13:20,08c61b66-effe-4f5b-901c-d43475705f9a,NJ,Station Wagon/Sport Utility Vehicle,NISS -CAR/SUV,,2015,West,1,M,Licensed,NY,Going Straight Ahead,Center Front End,Center Front End,,,,N,,Following Too Closely,Unspecified
19139409,4228683,10/24/2019,8:10,4851adb9-c468-4c61-8cc0-32eaa94a8bab,MA,Sedan,HYUN -CAR/SUV,,2014,West,0,M,Licensed,MA,Going Straight Ahead,Center Back End,Center Back End,,,,N,,Unspecified,Unspecified
19139484,4228931,10/24/2019,8:45,bdaf9b01-64a4-4da4-bc68-8872fee94e39,NY,Station Wagon/Sport Utility Vehicle,FORD -CAR/SUV,,2003,Southwest,1,M,Licensed,NY,Making Left Turn,Right Front Bumper,Right Front Bumper,Right Front Quarter Panel,,,N,,Driver Inattention/Distraction,Failure to Yield Right-of-Way
12130715,188876,12/30/2012,21:37,2,NY,PASSENGER VEHICLE,,,,,,,,,,,,,,,,,Fatigued/Drowsy,
19140703,4213082,09/23/2019,8:15,eb3bee6c-2f18-47a4-adca-04c36d4284c2,NY,Sedan,HYUN -CAR/SUV,,2016,North,1,F,Licensed,NY,Changing Lanes,Right Front Quarter Panel,Right Front Quarter Panel,,,,N,,Failure to Yield Right-of-Way,Unspecified
19139419,4228679,10/24/2019,12:30,e2c06d38-cbea-4104-ace4-c73862e49811,NY,Sedan,MERZ -CAR/SUV,,2019,Southwest,1,F,Licensed,NY,Slowing or Stopping,Center Back End,Center Back End,Right Rear Bumper,Left Rear Bumper,,N,,Unspecified,Unspecified
10606776,111456,05/17/2013,14:15,1,NY,SPORT UTILITY / STATION WAGON,,,,,,,,,,,,,,,,,Unspecified,
14791674,3260155,07/16/2015,16:49,2,NY,PASSENGER VEHICLE,,,,,,,,,Parked,,,,,,,,Unspecified,
9350838,53363,01/14/2013,16:10,2,NJ,PICK-UP TRUCK,,,,,,,,,,,,,,,,,Unspecified,
19140346,4229138,10/24/2019,17:15,e8641464-e738-47f9-9dea-db76f7205212,NY,Sedan,HOND -CAR/SUV,,2019,West,1,F,Licensed,NY,Going Straight Ahead,Right Side Doors,Right Rear Quarter Panel,Right Rear Bumper,Right Side Doors,Right Rear Quarter Panel,N,,Unspecified,Unspecified
19139605,4229086,10/24/2019,20:40,fe142da7-c2ba-4ab4-a20e-0e8ccd10b60f,NY,Sedan,CADI -CAR/SUV,,2016,South,1,M,Licensed,NY,Going Straight Ahead,Right Front Bumper,Left Front Bumper,Center Front End,Right Front Quarter Panel,,N,,Unspecified,Unspecified
14393904,295066,11/11/2012,9:05,2,NY,PASSENGER VEHICLE,,,,,,,,,,,,,,,,,Unspecified,
12958595,230220,04/06/2013,18:55,1,NY,SPORT UTILITY / STATION WAGON,,,,,,,,,,,,,,,,,Unspecified,
10467448,2929517,06/12/2013,22:20,1,NY,PASSENGER VEHICLE,,,,,,,,,,,,,,,,,Unspecified,
13411986,247687,11/16/2012,10:00,2,NY,SMALL COM VEH(4 TIRES),,,,,,,,,,,,,,,,,Unspecified,
19140327,4229231,10/24/2019,20:30,d2ac1e74-5f2d-4868-b351-d347404c7e54,NY,Sedan,NISS -CAR/SUV,,2014,West,2,F,Licensed,NY,Going Straight Ahead,Right Front Bumper,Right Front Bumper,,,,N,,Unspecified,Unspecified
19138657,4229051,10/24/2019,10:00,0e3ae0de-8444-4cc2-8df9-749a435985cb,NY,Carry All,LANDO,,2015,,1,,,,,Right Side Doors,No Damage,,,,N,,Following Too Closely,Driver Inattention/Distraction
14595684,3178431,03/02/2015,1:00,3,NY,SPORT UTILITY / STATION WAGON,,,,,,,,,Going Straight Ahead,,,,,,,,Unspecified,
19139936,4229219,10/24/2019,9:27,929511f0-0af4-4556-9160-95c56ff9dc0b,NY,Pick-up Truck,FORD -CAR/SUV,,2015,South,1,M,Licensed,NY,Making Right Turn,Center Back End,No Damage,No Damage,No Damage,No Damage,N,,Driver Inexperience,Backing Unsafely
19140965,4229650,10/20/2019,9:32,9290dc4f-4f8c-4973-90c9-4d3c911dca46,NY,Station Wagon/Sport Utility Vehicle,HOND -CAR/SUV,,2010,North,1,F,Licensed,NY,Going Straight Ahead,Center Front End,No Damage,,,,N,,Unspecified,Unspecified
19139990,4229116,10/24/2019,21:15,f06c6f20-9bea-4192-a8f6-76360192b932,,Bike,,,,West,1,M,Licensed,NY,Going Straight Ahead,Center Front End,Center Front End,,,,N,,Unspecified,Unspecified
19139061,4229012,10/24/2019,14:07,967581f7-5c86-4503-b2ed-3f4e0dd8bc62,NY,Sedan,TOYT -CAR/SUV,,2018,South,2,M,Licensed,NJ,Parked,Center Front End,Center Front End,Left Front Bumper,Right Front Bumper,,N,,Unspecified,Unspecified
19140658,4229690,10/23/2019,8:30,73b386e7-8e0a-4a4b-a2c5-ef58d4094fa4,NY,Sedan,HOND -CAR/SUV,,2016,South,1,M,Licensed,NY,Going Straight Ahead,Left Front Quarter Panel,Left Front Quarter Panel,Left Side Doors,,,N,,Unspecified,Unspecified
13844382,268856,10/25/2012,16:00,2,NY,SPORT UTILITY / STATION WAGON,,,,,,,,,,,,,,,,,Driver Inattention/Distraction,
9796134,2879320,03/13/2013,16:20,2,NY,PASSENGER VEHICLE,,,,,,,,,,,,,,,,,Unspecified,
19140303,4229334,10/24/2019,8:20,9beb6b12-f843-4ee8-907b-d3ee2adaa5da,NY,Sedan,HOND -CAR/SUV,,2017,East,2,F,Licensed,NY,Going Straight Ahead,Left Front Quarter Panel,Left Front Quarter Panel,,,,N,,Unspecified,Unspecified
10387884,2927314,03/09/2013,17:15,2,NY,PASSENGER VEHICLE,,,,,,,,,,,,,,,,,Unspecified,
19138479,4228926,10/24/2019,11:00,94645bd1-9d15-4e99-bc7c-050f64b8171a,,,,,,,,,,,,,,,,,Unspecified,,,
19139080,4228674,10/24/2019,8:53,98c7a948-98ea-4c20-9d79-364270bd9d05,NY,Station Wagon/Sport Utility Vehicle,HOND -CAR/SUV,,2003,South,1,F,Licensed,NY,Backing,Center Back End,Center Back End,,,,N,,Backing Unsafely,Unspecified
11320067,998934,07/25/2014,22:27,1,NY,PASSENGER VEHICLE,,,,,,,,,Parked,,,,,,,,Unspecified,
19139587,4228860,10/24/2019,15:00,ee89d732-a82d-4dd0-b97b-76bddfc712fa,NY,Pick-up Truck,DOGE -CAR/SUV,,2011,South,1,M,Licensed,NY,Going Straight Ahead,Right Rear Quarter Panel,Right Rear Quarter Panel,,,,N,,Driver Inattention/Distraction,Unspecified
14997680,3362931,12/30/2015,7:35,2,NY,PASSENGER VEHICLE,,,,,,,,,Making Left Turn,,,,,,,,Prescription Medication,
19138686,4228581,10/24/2019,2:00,baa5a462-5ce5-4b84-8b20-c5b71f2b9f0a,NY,Station Wagon/Sport Utility Vehicle,TOYT -CAR/SUV,,2009,North,0,M,Licensed,NY,Going Straight Ahead,Left Side Doors,Left Side Doors,,,,N,,Failure to Yield Right-of-Way,Driver Inattention/Distraction
17315537,3525785,09/23/2016,7:30,831893,NY,Tow Truck / Wrecker,INTL-TRUCK/BUS,,2007,South,1,M,Licensed,NY,Merging,Right Front Quarter Panel,Right Front Bumper,Right Front Quarter Panel,,,N,,Unsafe Lane Changing,Unspecified
19141038,4223842,10/14/2019,6:20,d47cf134-15a3-4949-a555-9456308128e5,NY,Station Wagon/Sport Utility Vehicle,MERZ -CAR/SUV,,2017,East,1,M,Licensed,NY,Going Straight Ahead,Left Rear Bumper,Left Rear Bumper,Left Rear Bumper,,,N,,Unspecified,Unspecified
19140712,4224803,10/16/2019,16:30,ca217e54-5825-4b27-b738-e7af14fc0f9d,NJ,Sedan,HOND -CAR/SUV,,2018,East,,,,,Going Straight Ahead,Center Front End,Left Front Bumper,Right Front Bumper,Left Front Quarter Panel,No Damage,N,,Unsafe Speed,Driver Inattention/Distraction
14716361,3227933,05/25/2015,19:00,1,NY,PASSENGER VEHICLE,,,,,,,,,Backing,,,,,,,,Backing Unsafely,
12259846,352525,06/15/2014,22:20,1,PA,PASSENGER VEHICLE,,,,,,,,,Parked,,,,,,,,Unspecified,
14393789,295022,11/09/2012,7:30,2,NY,PASSENGER VEHICLE,,,,,,,,,,,,,,,,,Unspecified,
17246881,3495220,08/07/2016,12:40,620280,NY,Sedan,BMW -CAR/SUV,,2016,West,1,F,Licensed,NY,Parked,Left Rear Bumper,Left Rear Bumper,,,,N,,Unspecified,Unspecified
14926780,3327259,11/03/2015,19:00,2,NY,BICYCLE,,,,,,,,,Going Straight Ahead,,,,,,,,Unspecified,
16956883,3421186,04/15/2016,13:30,166475,,,,,,,,,,,,,,,,,Unspecified,,,
17379553,3560005,11/12/2016,12:22,1059687,NY,Sedan,VOLV -CAR/SUV,,2005,South,3,M,Licensed,NY,Making Right Turn,Right Front Quarter Panel,Right Front Quarter Panel,Right Side Doors,Right Rear Quarter Panel,Right Front Bumper,Unspecified,,Unspecified,Unspecified
9129271,44804,03/03/2014,2:28,1,CT,PASSENGER VEHICLE,,,,,,,,,,,,,,,,,Unspecified,
9273138,45318,08/06/2012,22:33,1,NY,PASSENGER VEHICLE,,,,,,,,,,,,,,,,,Unspecified,
17236509,3472550,06/29/2016,10:00,461833,NY,2 dr sedan,HOND -CAR/SUV,,2003,North,1,F,Licensed,NY,Going Straight Ahead,Left Rear Quarter Panel,Left Side Doors,Left Rear Quarter Panel,,,N,,Unspecified,Unspecified
16972418,3425710,04/04/2016,0:00,97959,NY,4 dr sedan,HOND -CAR/SUV,HOND CRV,2013,East,0,,,,Parked,Left Side Doors,Left Side Doors,,,,N,,Unspecified,Unspecified
8532798,10688,04/12/2013,0:01,2,NY,UNKNOWN,,,,,,,,,,,,,,,,,Unspecified,
9794939,73533,12/13/2012,7:35,1,NY,SPORT UTILITY / STATION WAGON,,,,,,,,,,,,,,,,,Fatigued/Drowsy,
13981062,274493,12/26/2012,16:00,1,NY,SPORT UTILITY / STATION WAGON,,,,,,,,,,,,,,,,,Unspecified,
9540041,63402,12/14/2013,15:00,2,NY,PASSENGER VEHICLE,,,,,,,,,,,,,,,,,Unspecified,
19139425,4228910,10/24/2019,16:30,840aefdd-af7a-4b21-9b54-251ea964433b,NY,Station Wagon/Sport Utility Vehicle,BMW -CAR/SUV,,2006,East,3,M,Licensed,,Going Straight Ahead,Center Back End,Center Back End,,,,N,,Unspecified,Unspecified
12544493,210926,05/22/2013,1:00,2,NY,PASSENGER VEHICLE,,,,,,,,,,,,,,,,,Unspecified,
14086142,280667,11/12/2012,13:20,1,NY,SPORT UTILITY / STATION WAGON,,,,,,,,,,,,,,,,,Unspecified,
14497585,3137466,12/14/2014,18:55,1,NY,PASSENGER VEHICLE,,,,,,,,,Slowing or Stopping,,,,,,,,Unspecified,
19139831,4229273,10/24/2019,22:40,f6d96154-432f-4442-b975-91acc1cb4a38,NJ,Sedan,CHRY -CAR/SUV,,1999,North,2,M,Unlicensed,NJ,Going Straight Ahead,Right Front Bumper,Right Front Bumper,Right Front Quarter Panel,No Damage,No Damage,N,,Unspecified,Unspecified
19139537,4228853,10/24/2019,17:40,6f8dbaba-8501-4568-a5d9-a3406ef24e16,NY,Sedan,TOYT -CAR/SUV,,2016,North,1,M,Licensed,NY,Going Straight Ahead,Left Front Bumper,Center Front End,Right Front Bumper,,,N,,Driver Inattention/Distraction,Driver Inattention/Distraction
19139150,4228875,10/24/2019,9:40,45fdc21a-6278-4755-baf1-e4ccae5f230d,NY,Bus,INTL-TRUCK/BUS,,2008,West,1,F,Licensed,NY,Going Straight Ahead,Right Rear Quarter Panel,Right Rear Quarter Panel,,,,N,,Oversized Vehicle,Unspecified
19140314,4229337,10/24/2019,16:42,868496f9-9b76-4175-9494-7b66fab23f9a,,,,,,,,,,,,,,,,,Unspecified,FENCE OF A SCHOOL IN THE BACK,,
15058408,3393567,02/21/2016,18:30,2,NY,SPORT UTILITY / STATION WAGON,,,,,,,,,Stopped in Traffic,,,,,,,,Unspecified,
9274081,45721,09/13/2012,12:24,1,NJ,LARGE COM VEH(6 OR MORE TIRES),,,,,,,,,,,,,,,,,Driver Inattention/Distraction,