UNIQUE_ID,COLLISION_ID,CRASH_DATE,CRASH_TIME,VEHICLE_ID,STATE_REGISTRATION,VEHICLE_TYPE,VEHICLE_MAKE,VEHICLE_MODEL,VEHICLE_YEAR,TRAVEL_DIRECTION,VEHICLE_OCCUPANTS,DRIVER_SEX,DRIVER_LICENSE_STATUS,DRIVER_LICENSE_JURISDICTION,PRE_CRASH,POINT_OF_IMPACT,VEHICLE_DAMAGE,VEHICLE_DAMAGE_1,VEHICLE_DAMAGE_2,VEHICLE_DAMAGE_3,PUBLIC_PROPERTY_DAMAGE,PUBLIC_PROPERTY_DAMAGE_TYPE,CONTRIBUTING_FACTOR_1,CONTRIBUTING_FACTOR_2
19140838,4229620,10/24/2019,14:35,21942ffb-1796-42e2-b265-03328de2ffd8,NJ,Pick-up Truck,HOND -CAR/SUV,,2019,West,1,M,Licensed,NJ,Going Straight Ahead,Center Front End,Center Front End,,,,N,,Following Too Closely,Unspecified
17069825,3451834,05/19/2016,7:30,290988,NY,4 dr sedan,BMW -CAR/SUV,,2015,South,1,M,Licensed,NJ,Making Right Turn,Left Rear Bumper,Left Rear Bumper,,,,N,,Unspecified,Unspecified
9625028,998774,07/23/2014,20:40,1,NY,,,,,,,,,,Going Straight Ahead,,,,,,,,Unspecified,
11317078,2960264,09/18/2013,17:45,2,NY,PASSENGER VEHICLE,,,,,,,,,,,,,,,,,Unspecified,
19140987,4212369,09/24/2019,6:30,6599b5c8-2922-41a5-b59b-3a2c0b90c360,NY,Motorcycle,KAWK -MCL,,2009,West,0,M,Licensed,NY,Going Straight Ahead,Other,Center Front End,Center Back End,,,N,,Other Vehicular,Unspecified
11049976,130426,09/07/2012,15:20,1,NY,PASSENGER VEHICLE,,,,,,,,,,,,,,,,,Unspecified,
19139860,4229121,10/24/2019,10:50,8cf8ab0d-ba33-43aa-83b6-28aed71e31a2,NY,Station Wagon/Sport Utility Vehicle,TOYT -CAR/SUV,,2005,North,0,,,,Parked,Left Front Quarter Panel,Left Front Quarter Panel,,,,N,,Unspecified,Unspecified
19140984,4229541,10/17/2019,17:30,b7cc550d-24bd-4f75-8e46-24570b0591f0,NY,Station Wagon/Sport Utility Vehicle,FORD -CAR/SUV,,2010,West,1,M,Licensed,NJ,Going Straight Ahead,Right Front Bumper,Right Front Bumper,No Damage,No Damage,No Damage,N,,Driver Inattention/Distraction,Unspecified
14516097,3145281,12/30/2014,11:50,2,NY,PASSENGER VEHICLE,,,,,,,,,Parked,,,,,,,,Unspecified,
9976344,313033,03/30/2014,17:00,1,NY,PASSENGER VEHICLE,,,,,,,,,,,,,,,,,Unspecified,
16944245,3410568,03/31/2016,17:05,71642,NJ,4 dr sedan,HOND -CAR/SUV,HOND ACC,2009,South,1,M,Licensed,NY,Making U Turn,Left Front Quarter Panel,Left Front Quarter Panel,Left Side Doors,,,Unspecified,,Driver Inattention/Distraction,Unspecified
19139196,4228988,10/24/2019,22:58,51e9814f-52a9-4d29-be5a-3dab4a1827cb,NY,Station Wagon/Sport Utility Vehicle,BMW -CAR/SUV,,2018,East,1,M,Licensed,NY,Parked,Left Rear Bumper,Left Rear Bumper,Left Rear Quarter Panel,,,N,,Unspecified,Unspecified
8531818,10184,12/19/2012,17:44,2,NY,SPORT UTILITY / STATION WAGON,,,,,,,,,,,,,,,,,Backing Unsafely,
19139925,4229471,10/24/2019,13:43,8e916c1d-d3a3-4330-8341-9b2ccb356dbb,NY,Station Wagon/Sport Utility Vehicle,FORD -CAR/SUV,,2006,South,2,M,Licensed,NY,Going Straight Ahead,Other,Other,,,,N,,Passing Too Closely,Passing Too Closely
19140017,4229226,10/24/2019,7:35,57174339-10ab-4b44-bf4e-83794f57d475,,,,,,South,,,,,,,,,,,Unspecified,,,
17046802,3434223,05/03/2016,2:21,218839,NY,4 dr sedan,TOYT -CAR/SUV,TOYT CAM,2014,North,0,M,,,Going Straight Ahead,Right Front Bumper,Right Front Bumper,Center Front End,Right Front Quarter Panel,Right Side Doors,N,,Aggressive Driving/Road Rage,Unsafe Speed
11753375,170509,02/17/2014,14:00,2,NY,UNKNOWN,,,,,,,,,,,,,,,,,Unspecified,
19138918,4228716,10/24/2019,10:50,90f91ec0-2ac3-4614-93d7-49d822181b1d,NY,Sedan,BMW -CAR/SUV,,2011,North,1,M,Licensed,NY,Changing Lanes,Left Front Bumper,Left Front Bumper,,,,N,,Unsafe Lane Changing,Unspecified
19139429,4228911,10/24/2019,17:00,1a8987bc-728a-4cfb-83d8-858562955ff6,CT,Station Wagon/Sport Utility Vehicle,LINC -CAR/SUV,,2007,Southeast,1,M,Licensed,CT,Changing Lanes,Right Front Quarter Panel,No Damage,,,,N,,Driver Inattention/Distraction,Unsafe Lane Changing
19139705,4228760,10/24/2019,8:30,5e131729-8c8a-49b4-a443-cab505e80ccc,,,,,,,,,,,,,,,,,N,,,
19140292,4229285,10/24/2019,17:05,e3425897-634c-4e95-88bd-47269a86c484,NY,Sedan,TOYT -CAR/SUV,,2005,East,2,M,Licensed,NY,Starting from Parking,Left Front Bumper,Left Front Bumper,,,,N,,Driver Inattention/Distraction,Unspecified
9124664,42432,08/17/2013,17:30,1,NY,TAXI,,,,,,,,,,,,,,,,,Backing Unsafely,
14991844,3359993,12/23/2015,14:25,1,NY,SPORT UTILITY / STATION WAGON,,,,,,,,,Going Straight Ahead,,,,,,,,Unspecified,
17159175,3534470,10/04/2016,19:00,886715,NY,Sedan,HOND -CAR/SUV,,2013,West,0,,,,Parked,Left Front Bumper,Left Front Bumper,Left Front Quarter Panel,No Damage,No Damage,N,,Unspecified,Unspecified
12004878,184254,12/18/2013,16:45,2,NY,PASSENGER VEHICLE,,,,,,,,,,,,,,,,,Unspecified,
19140019,4229235,10/24/2019,8:00,386974eb-f156-42cf-a6b9-2bb6649567fe,NY,Pick-up Truck,DELO -CAR/SUV,,2014,South,1,M,Licensed,NY,Going Straight Ahead,Other,Other,Other,Other,Other,N,,Unspecified,Unspecified
13251138,3047030,11/24/2014,10:10,1,NY,PASSENGER VEHICLE,,,,,,,,,Going Straight Ahead,,,,,,,,Unspecified,
15068520,3398666,02/29/2016,10:00,1,MI,PASSENGER VEHICLE,,,,,,,,,Starting in Traffic,,,,,,,,Driver Inattention/Distraction,
19139944,4229408,10/24/2019,19:30,1c124a5e-6837-4421-adfe-ac784c945140,NY,Station Wagon/Sport Utility Vehicle,TOYT -CAR/SUV,,2016,North,1,M,Licensed,NY,Making Right Turn,Left Rear Bumper,Left Rear Quarter Panel,Left Rear Bumper,No Damage,No Damage,N,,Unspecified,Unspecified
19140504,4229213,10/24/2019,10:30,661ef41c-74c8-4672-a480-5fa3747ff640,NJ,Station Wagon/Sport Utility Vehicle,MERZ -CAR/SUV,,2020,South,1,M,Licensed,NJ,Going Straight Ahead,Center Front End,Center Front End,No Damage,No Damage,No Damage,N,,Driver Inattention/Distraction,Unspecified
10230403,2919537,08/25/2014,12:45,1,GA,PASSENGER VEHICLE,,,,,,,,,Changing Lanes,,,,,,,,Turning Improperly,
19139177,4229062,10/24/2019,17:36,73a323ce-3de7-43a3-8c85-fc00ecdcf34f,NJ,Tractor Truck Diesel,MACK-TRUCK/BUS,,2015,South,1,M,Licensed,NJ,Going Straight Ahead,Right Front Quarter Panel,Right Front Quarter Panel,Right Side Doors,,,N,,Unspecified,Unspecified
19138904,4228922,10/24/2019,13:45,8aec69a0-e0d0-4b0d-98a6-f5b00f5761ea,NJ,Sedan,TESL -CAR/SUV,,2014,East,3,F,Licensed,NY,Slowing or Stopping,Center Back End,Center Back End,No Damage,No Damage,No Damage,N,,Unspecified,Unspecified
19140670,4229696,10/24/2019,22:20,8458254f-d41f-49bb-9f53-a1ab71a11bd2,NY,Station Wagon/Sport Utility Vehicle,DODG -CAR/SUV,,2006,West,1,,,,Going Straight Ahead,Center Front End,Center Front End,,,,N,,Driver Inattention/Distraction,Driver Inattention/Distraction
19140680,4229693,10/19/2019,14:33,8a2877b2-231f-4453-840f-51dc2fbfdfc7,NY,Sedan,HOND -CAR/SUV,,2010,Unknown,0,,,,Parked,Right Rear Quarter Panel,Right Rear Bumper,No Damage,No Damage,No Damage,N,,Backing Unsafely,Unspecified
12844827,224678,07/28/2013,15:30,2,NY,SPORT UTILITY / STATION WAGON,,,,,,,,,,,,,,,,,Unspecified,
15032299,3380359,01/30/2016,9:30,3,NY,SPORT UTILITY / STATION WAGON,,,,,,,,,Parked,,,,,,,,Unspecified,
19139009,4228767,10/24/2019,0:00,8c714da2-b671-4b37-8290-28861699171d,PA,Pick-up Truck,FORD -CAR/SUV,,2016,South,1,M,Licensed,PA,Going Straight Ahead,Right Front Quarter Panel,Right Front Quarter Panel,Right Side Doors,Right Rear Quarter Panel,,N,,Driver Inattention/Distraction,Passing Too Closely
9882056,327096,04/28/2014,18:20,2,NY,LIVERY VEHICLE,,,,,,,,,Making Right Turn,,,,,,,,Unspecified,
19138919,4228716,10/24/2019,10:50,ebf97cb3-ec05-4a3b-887f-cc5a639c3989,NJ,Bus,FORD-TRUCK/BUS,,2012,North,1,M,Licensed,NY,Going Straight Ahead,Right Front Quarter Panel,Right Front Quarter Panel,,,,N,,Unspecified,Unspecified
10774699,116894,09/18/2012,11:42,1,NY,PASSENGER VEHICLE,,,,,,,,,,,,,,,,,Driver Inattention/Distraction,
19139734,4228885,10/24/2019,20:35,0919a5e2-2cb9-48f2-99ed-9bb288786065,,Bike,,,,West,1,M,,,Going Straight Ahead,Center Front End,Center Front End,,,,N,,Unspecified,Unspecified
11158954,136608,12/09/2012,15:30,2,NY,SPORT UTILITY / STATION WAGON,,,,,,,,,,,,,,,,,Unspecified,
15058774,3393745,02/22/2016,20:26,1,NY,PASSENGER VEHICLE,,,,,,,,,Going Straight Ahead,,,,,,,,Fatigued/Drowsy,
9281096,48802,05/31/2013,12:00,1,NY,PASSENGER VEHICLE,,,,,,,,,,,,,,,,,Unspecified,
8998841,35602,07/26/2013,8:25,1,NY,SPORT UTILITY / STATION WAGON,,,,,,,,,,,,,,,,,Unspecified,
17173409,3504205,08/21/2016,21:10,684864,NY,Sedan,HOND -CAR/SUV,,2016,North,4,M,Licensed,NY,Making Left Turn,Right Front Quarter Panel,Right Front Quarter Panel,Right Side Doors,Right Rear Quarter Panel,No Damage,N,,Failure to Yield Right-of-Way,Turning Improperly
8483579,9242,02/12/2014,12:28,1,NY,VAN,,,,,,,,,,,,,,,,,Unspecified,
12136389,191164,01/01/2014,14:00,1,NY,SPORT UTILITY / STATION WAGON,,,,,,,,,,,,,,,,,Unspecified,
19140672,4229691,10/24/2019,20:42,a78f1de0-7e2f-42b3-967c-e0606ed7b915,NY,Sedan,HYUN -CAR/SUV,,2016,East,1,M,Licensed,NY,Other*,Left Rear Bumper,Left Rear Bumper,No Damage,No Damage,No Damage,N,,Unspecified,Unspecified
9620578,66499,08/15/2012,20:20,1,NY,SPORT UTILITY / STATION WAGON,,,,,,,,,,,,,,,,,Unspecified,
19138752,4228812,10/24/2019,0:44,1a19e131-917c-4186-be58-b40ff329fafb,NY,Sedan,NISS -CAR/SUV,,2017,South,2,M,Licensed,NY,Going Straight Ahead,Left Front Bumper,Left Front Bumper,Left Front Quarter Panel,,,N,,Steering Failure,Unspecified
17152057,3485249,07/21/2016,7:30,545315,NJ,Station Wagon/Sport Utility Vehicle,TOYT -CAR/SUV,,2006,South,1,M,Licensed,NJ,Going Straight Ahead,Right Front Quarter Panel,Right Front Quarter Panel,,,,N,,Unspecified,Unspecified
17225710,3479506,07/12/2016,22:00,510437,NY,Taxi,TOYT -CAR/SUV,,2014,East,1,F,Licensed,NY,Backing,Right Rear Bumper,Right Rear Bumper,,,,N,,Aggressive Driving/Road Rage,Backing Unsafely
14656447,3203429,04/15/2015,19:05,1,NY,PASSENGER VEHICLE,,,,,,,,,Slowing or Stopping,,,,,,,,Unspecified,
19141043,4229626,10/23/2019,18:22,97bdafba-ec78-4c7d-b0d8-b03fb2934a35,NY,Sedan,MITS -CAR/SUV,,2015,Southeast,0,,,,Parked,Right Rear Bumper,Right Rear Bumper,Center Back End,No Damage,No Damage,N,,Unspecified,Unspecified
13654066,262861,10/04/2013,15:09,1,NY,PASSENGER VEHICLE,,,,,,,,,,,,,,,,,Fatigued/Drowsy,
14726633,3232394,06/01/2015,8:50,2,NY,PASSENGER VEHICLE,,,,,,,,,Slowing or Stopping,,,,,,,,Unspecified,
19139826,4229149,10/24/2019,20:00,cf584a9c-dc33-4575-be6d-37e4fcb03fa3,NY,Station Wagon/Sport Utility Vehicle,AUDI -CAR/SUV,,2018,North,1,F,Licensed,NY,Going Straight Ahead,Center Back End,Center Back End,No Damage,No Damage,No Damage,N,,Driver Inattention/Distraction,Unspecified
12001719,182648,07/01/2012,8:00,2,NY,PASSENGER VEHICLE,,,,,,,,,,,,,,,,,Unspecified,
19139236,4228780,10/24/2019,14:05,33b1af74-93d5-4439-8002-c75ee93f5bd6,IL,Sedan,TOYT -CAR/SUV,,2006,East,1,F,Licensed,IL,Backing,Left Rear Bumper,Left Rear Bumper,,,,N,,Backing Unsafely,Unspecified
12849128,226505,12/01/2013,13:34,1,NY,PASSENGER VEHICLE,,,,,,,,,,,,,,,,,Unspecified,
11809331,308490,03/19/2014,8:40,2,NY,UNKNOWN,,,,,,,,,,,,,,,,,Driver Inattention/Distraction,
12055757,306333,03/16/2014,5:20,2,NY,UNKNOWN,,,,,,,,,,,,,,,,,Unspecified,
17218509,3474043,06/26/2016,14:30,478562,NY,4 dr sedan,CHEV -CAR/SUV,,2016,Northeast,1,M,Licensed,NY,Passing,Left Front Quarter Panel,Left Side Doors,Left Rear Quarter Panel,Left Rear Bumper,Left Side Doors,N,,Passing Too Closely,Driver Inattention/Distraction
17158998,3459453,06/07/2016,20:50,381181,NY,4 dr sedan,MAZD -CAR/SUV,,2014,West,0,,,,Parked,Right Rear Quarter Panel,Right Rear Quarter Panel,Left Rear Quarter Panel,Other,No Damage,N,,Unspecified,Unspecified
19139079,4228674,10/24/2019,8:53,f8ec8201-0ab1-4b8c-8302-1ea31d8fb9a1,NY,Sedan,DODG -CAR/SUV,,2007,North,1,M,Licensed,NY,Parked,Left Front Bumper,Left Front Bumper,Center Front End,,,N,,Unspecified,Unspecified
9280282,48445,05/03/2013,15:45,2,NC,SPORT UTILITY / STATION WAGON,,,,,,,,,,,,,,,,,Other Vehicular,
11920110,339478,05/22/2014,15:12,1,NY,PASSENGER VEHICLE,,,,,,,,,Parked,,,,,,,,Unspecified,
9004084,331867,05/08/2014,11:20,1,NY,PASSENGER VEHICLE,,,,,,,,,Going Straight Ahead,,,,,,,,Unspecified,
19140015,4229332,10/24/2019,11:40,0a36ede9-2721-46f4-aa4c-ba5808ec3c75,NJ,Sedan,FORD -CAR/SUV,,2018,East,1,M,Licensed,NJ,Entering Parked Position,Left Front Bumper,Left Front Bumper,,,,N,,Unspecified,Unspecified
11743315,165739,01/21/2013,18:25,2,FL,PASSENGER VEHICLE,,,,,,,,,,,,,,,,,Unspecified,
13414766,248911,02/07/2013,12:30,2,NY,SPORT UTILITY / STATION WAGON,,,,,,,,,,,,,,,,,Unspecified,
19138964,4228620,10/24/2019,8:30,5cb168b6-8a4b-4afc-a088-bbae75ec64fd,NY,Station Wagon/Sport Utility Vehicle,TOYT -CAR/SUV,,2017,East,1,M,Licensed,NY,Entering Parked Position,Right Rear Bumper,Center Back End,Center Back End,,,N,,Backing Unsafely,Unspecified
12542832,210106,01/24/2013,11:00,2,NY,PASSENGER VEHICLE,,,,,,,,,,,,,,,,,Unspecified,
19139532,4228727,10/24/2019,10:21,5f6200ab-6c0a-4c3b-b9ec-0ddf60b2f1d2,NY,Box Truck,ISU-TRUCK/BUS,,2018,West,2,M,Licensed,NY,Going Straight Ahead,Right Side Doors,Right Side Doors,,,,N,,Driver Inattention/Distraction,Unspecified
12962862,232085,11/09/2013,4:30,1,NY,SPORT UTILITY / STATION WAGON,,,,,,,,,,,,,,,,,Prescription Medication,
19140905,4229600,10/24/2019,16:15,48989a72-5cff-462a-b887-7dfe7a09447b,NY,Station Wagon/Sport Utility Vehicle,CHEV -CAR/SUV,,2019,West,1,M,Licensed,NY,Going Straight Ahead,Center Back End,Center Back End,,,,N,,Unspecified,Unspecified
17413600,3588098,12/27/2016,22:15,1258144,NY,Sedan,NISS -CAR/SUV,,2015,North,2,M,Licensed,MI,Merging,Right Front Bumper,Right Front Bumper,No Damage,No Damage,No Damage,N,,Driver Inattention/Distraction,Failure to Yield Right-of-Way
19140586,4229258,10/24/2019,19:00,8752c050-8b31-44ca-bd3e-9f1794d4b043,NY,Sedan,TOYT -CAR/SUV,,2017,West,2,M,Licensed,NY,Going Straight Ahead,Center Front End,Center Front End,,,,N,,Following Too Closely,Unspecified
19140192,4229291,10/24/2019,21:00,22b4205b-60b4-4a10-9b5b-989372e40fe7,NY,Station Wagon/Sport Utility Vehicle,MERZ -CAR/SUV,,2016,Unknown,0,,,,Parked,Left Front Quarter Panel,Left Side Doors,Left Rear Quarter Panel,,,N,,Unspecified,Unspecified
16935958,3414724,03/15/2016,13:25,9109,NY,Station Wagon/Sport Utility Vehicle,CHRY -CAR/SUV,CHRY TOW,2002,West,1,M,,NY,Going Straight Ahead,Right Side Doors,Right Rear Quarter Panel,Right Rear Bumper,,,N,,Unspecified,Unspecified
9799207,75319,10/07/2013,16:24,2,NY,TAXI,,,,,,,,,,,,,,,,,Pavement Slippery,
19138914,4228678,10/24/2019,11:45,a6df77ed-b0d2-4655-a301-41d9307fcfb0,NY,Station Wagon/Sport Utility Vehicle,TOYT -CAR/SUV,,2017,North,2,M,Licensed,NY,Stopped in Traffic,Center Back End,Center Back End,Right Rear Bumper,Left Rear Bumper,No Damage,N,,Unspecified,Unspecified
17225835,3463374,06/16/2016,9:35,407647,NY,Station Wagon/Sport Utility Vehicle,JEEP -CAR/SUV,,2002,North,1,F,Licensed,NY,Making Right Turn,Right Front Quarter Panel,Right Front Quarter Panel,,,,N,,Turning Improperly,Unspecified
17309073,3521167,09/15/2016,10:55,800254,NY,Bus,,,2003,West,1,M,,NY,Going Straight Ahead,Right Side Doors,Right Side Doors,,,,N,,Unspecified,Driver Inattention/Distraction
14411171,352702,06/14/2014,22:00,2,NY,UNKNOWN,,,,,,,,,Other*,,,,,,,,Unspecified,
19139047,4228996,10/24/2019,17:30,cb1eccdf-731b-4ba2-a28f-5c7dde27023b,NY,Sedan,HOND -CAR/SUV,,2019,West,1,F,Licensed,NY,Stopped in Traffic,Left Front Quarter Panel,Left Front Quarter Panel,,,,N,,Unspecified,Unspecified
9356358,995352,07/18/2014,9:40,2,NY,PASSENGER VEHICLE,,,,,,,,,Changing Lanes,,,,,,,,Turning Improperly,
14860733,3294120,09/06/2015,18:26,2,NY,PASSENGER VEHICLE,,,,,,,,,Making Left Turn,,,,,,,,,
19140657,4229538,10/24/2019,17:30,45285962-7c0f-4f06-ba8e-d4f144d9970a,NY,Station Wagon/Sport Utility Vehicle,PONT -CAR/SUV,,2006,North,3,M,Licensed,NY,Going Straight Ahead,Center Front End,No Damage,,,,N,,Unspecified,Unspecified
19140963,4229652,10/18/2019,3:19,f1aaf3f9-6724-4d3d-a185-3d5b57fa5906,NY,Sedan,HOND -CAR/SUV,,2014,West,1,M,Unlicensed,NY,Starting from Parking,Left Front Bumper,Left Front Bumper,No Damage,No Damage,No Damage,N,,Failure to Yield Right-of-Way,Aggressive Driving/Road Rage
17185256,3483924,07/19/2016,6:30,534011,,,,,,,,,,,,,,,,,Unspecified,,,
13426068,253813,12/27/2013,17:43,1,NY,PASSENGER VEHICLE,,,,,,,,,,,,,,,,,Unspecified,
13422334,252155,09/15/2013,16:10,1,NY,PASSENGER VEHICLE,,,,,,,,,,,,,,,,,Unspecified,
8998312,35359,06/30/2013,10:32,1,NY,SPORT UTILITY / STATION WAGON,,,,,,,,,,,,,,,,,Unspecified,
14088846,281849,04/15/2013,17:05,2,NY,PASSENGER VEHICLE,,,,,,,,,,,,,,,,,Glare,
12056525,344490,06/01/2014,12:26,1,NJ,PASSENGER VEHICLE,,,,,,,,,Parked,,,,,,,,Unspecified,
12463939,335777,05/15/2014,15:10,1,NY,LARGE COM VEH(6 OR MORE TIRES),,,,,,,,,Going Straight Ahead,,,,,,,,Driver Inattention/Distraction,
14769634,3250323,06/29/2015,11:40,1,NY,PASSENGER VEHICLE,,,,,,,,,Going Straight Ahead,,,,,,,,Driver Inattention/Distraction,
10781441,2944097,09/25/2013,8:00,1,NY,PASSENGER VEHICLE,,,,,,,,,,,,,,,,,Driver Inattention/Distraction,
19139784,4229147,10/24/2019,15:30,ff99011f-28ff-469b-84ec-c448736336b0,NY,Station Wagon/Sport Utility Vehicle,NISS -CAR/SUV,,2014,East,1,M,Licensed,NY,Making Right Turn,Left Front Bumper,Left Front Bumper,Left Front Quarter Panel,No Damage,No Damage,N,,Failure to Yield Right-of-Way,Unspecified
9845238,78195,11/24/2013,23:45,2,CA,OTHER,,,,,,,,,,,,,,,,,Unspecified,
14740422,3238094,06/11/2015,9:16,1,NY,BUS,,,,,,,,,Stopped in Traffic,,,,,,,,Unspecified,
19139741,4229434,10/24/2019,18:20,c2405857-f270-4e36-90a4-3cb9d3c571b8,NY,Station Wagon/Sport Utility Vehicle,TOYT -CAR/SUV,,2005,South,2,M,Licensed,NY,Going Straight Ahead,Left Front Quarter Panel,Left Front Quarter Panel,Left Side Doors,No Damage,No Damage,N,,Passing Too Closely,Unspecified
8785512,23356,03/04/2013,12:25,1,NY,LARGE COM VEH(6 OR MORE TIRES),,,,,,,,,,,,,,,,,Unspecified,
15016891,3372576,01/16/2016,14:00,1,NY,SPORT UTILITY / STATION WAGON,,,,,,,,,Going Straight Ahead,,,,,,,,Driver Inattention/Distraction,
19140509,4229199,10/24/2019,17:30,ff3b7a1b-2905-48a8-bb3d-cc1a9a8add6c,NJ,Station Wagon/Sport Utility Vehicle,INFI -CAR/SUV,,2004,West,1,M,Licensed,NJ,Going Straight Ahead,Center Front End,Center Front End,No Damage,No Damage,No Damage,N,,Following Too Closely,Unspecified
17403474,3580294,12/15/2016,8:10,1203701,NY,Sedan,HOND -CAR/SUV,,2016,North,1,F,Licensed,NY,Making Right Turn,Right Side Doors,Center Front End,,,,N,,Unspecified,Unspecified
17288674,3554397,11/05/2016,19:00,1030526,NY,Sedan,LEXS -CAR/SUV,,2003,West,2,F,Licensed,NY,Going Straight Ahead,Right Front Quarter Panel,Right Front Bumper,Center Front End,,,N,,Unspecified,Unspecified
14832566,3280158,08/18/2015,14:40,1,NY,PASSENGER VEHICLE,,,,,,,,,Going Straight Ahead,,,,,,,,Driver Inattention/Distraction,
19139420,4228679,10/24/2019,12:30,09b9d56a-4724-49a6-8f0f-8afbf247a273,NY,Station Wagon/Sport Utility Vehicle,MERZ -CAR/SUV,,2009,Southwest,1,M,Licensed,NY,Slowing or Stopping,Center Front End,Center Front End,Left Front Bumper,Right Front Bumper,,N,,Following Too Closely,Driver Inattention/Distraction
17267932,3492092,07/30/2016,15:35,716575,NY,Sedan,HYUN -CAR/SUV,,2015,West,1,M,Licensed,NY,Going Straight Ahead,Left Front Bumper,Center Front End,Right Front Bumper,Left Front Quarter Panel,No Damage,N,,Driver Inattention/Distraction,Unspecified
19139234,4228741,10/24/2019,13:20,6655cce3-cda2-4275-8de4-2bc11e723a56,NY,Station Wagon/Sport Utility Vehicle,CHEV -CAR/SUV,,1985,Northeast,0,M,Licensed,NY,Making Right Turn,Left Front Bumper,Left Front Bumper,Center Front End,Center Front End,Center Front End,N,,Unspecified,Unspecified
15040831,3384711,02/04/2016,9:05,1,NY,PASSENGER VEHICLE,,,,,,,,,Parked,,,,,,,,Unspecified,
19693330,4322338,06/22/2020,10:19,97331e7e-4d04-40dc-8593-2c0dc0c5b032,NY,Station Wagon/Sport Utility Vehicle,MERZ -CAR/SUV,,2015,North,1,M,Licensed,NY,Parked,Left Front Bumper,Left Front Bumper,,,,N,,Driver Inattention/Distraction,Unspecified
14770822,3250862,07/02/2015,7:45,1,NY,SPORT UTILITY / STATION WAGON,,,,,,,,,Parked,,,,,,,,Unspecified,
19140952,4229546,10/24/2019,15:30,a82b5cec-04cd-494c-a691-068d1bee7be8,NY,Bus,starc,,2016,West,3,M,,,Going Straight Ahead,Right Front Bumper,Right Front Bumper,No Damage,No Damage,No Damage,N,,Unspecified,Unspecified
14619901,3188251,03/18/2015,12:25,2,NY,PASSENGER VEHICLE,,,,,,,,,Going Straight Ahead,,,,,,,,Unspecified,
14090874,282758,07/28/2013,17:17,1,NY,PASSENGER VEHICLE,,,,,,,,,,,,,,,,,Unspecified,
12315534,200548,11/20/2013,7:30,2,NY,UNKNOWN,,,,,,,,,,,,,,,,,Prescription Medication,
14694545,3219453,05/11/2015,8:35,1,NY,PASSENGER VEHICLE,,,,,,,,,Going Straight Ahead,,,,,,,,Driver Inexperience,
9722856,350238,06/12/2014,14:30,1,CT,VAN,,,,,,,,,Starting in Traffic,,,,,,,,Unspecified,